Datetime_UTC,Transmitter,Latitude,Longitude
7/26/2017 23:59,17784,42.29009,-71.00569
7/27/2017 0:29,17784,42.29009,-71.00569
7/27/2017 0:59,17784,42.29009,-71.00569
7/27/2017 3:59,17784,42.29009,-71.00569
7/27/2017 4:59,17784,42.29009,-71.00569
7/27/2017 5:29,17784,42.29009,-71.00569
7/27/2017 8:59,17784,42.29009,-71.00569
7/27/2017 11:59,17784,42.29009,-71.00569
7/27/2017 12:29,17784,42.29009,-71.00569
7/27/2017 12:59,17784,42.29009,-71.00569
7/27/2017 13:29,17784,42.29009,-71.00569
7/27/2017 14:59,17784,42.288902,-71.0168149
7/27/2017 15:29,17784,42.28877,-71.018051
7/27/2017 15:59,17784,42.28877,-71.018051
7/27/2017 16:29,17784,42.28877,-71.018051
7/27/2017 16:59,17784,42.28877,-71.018051
7/27/2017 17:29,17784,42.28877,-71.018051
7/27/2017 17:59,17784,42.2889585714286,-71.0162851428571
7/27/2017 18:29,17784,42.28877,-71.018051
7/27/2017 18:59,17784,42.28877,-71.018051
7/27/2017 19:29,17784,42.28877,-71.018051
7/27/2017 19:59,17784,42.28877,-71.018051
7/27/2017 20:29,17784,42.28877,-71.018051
7/27/2017 20:59,17784,42.28877,-71.018051
7/27/2017 21:29,17784,42.289298,-71.0131066
7/27/2017 21:59,17784,42.289034,-71.0155788
7/27/2017 22:29,17784,42.2889730769231,-71.0161493076923
7/27/2017 22:59,17784,42.2890805882353,-71.0151425294118
7/27/2017 23:29,17784,42.289386,-71.0122825333333
7/27/2017 23:59,17784,42.28877,-71.018051
7/28/2017 1:29,17784,42.2892322222222,-71.0055455555556
7/28/2017 1:59,17784,42.29009,-71.00569
7/28/2017 2:29,17784,42.2889166666667,-71.0166775555556
7/28/2017 2:59,17784,42.28877,-71.018051
7/28/2017 3:29,17784,42.2887077777778,-71.0145451666667
7/28/2017 3:59,17784,42.288535,-71.0156520625
7/28/2017 4:29,17784,42.289034,-71.0155788
7/28/2017 4:59,17784,42.2890633333333,-71.0153041111111
7/28/2017 5:29,17784,42.2888715384615,-71.0171001538462
7/28/2017 5:59,17784,42.28877,-71.018051
7/28/2017 6:29,17784,42.2888642857143,-71.0171680714286
7/28/2017 6:59,17784,42.28846,-71.01359465
7/28/2017 7:29,17784,42.289496,-71.01125245
7/28/2017 7:59,17784,42.2871783333333,-71.0114913333333
7/28/2017 8:29,17784,42.2887077777778,-71.0145451666667
7/28/2017 8:59,17784,42.28877,-71.018051
7/28/2017 9:29,17784,42.28877,-71.018051
7/28/2017 9:59,17784,42.28877,-71.018051
7/28/2017 10:29,17784,42.2888525,-71.0172784375
7/28/2017 10:59,17784,42.28877,-71.018051
7/28/2017 11:29,17784,42.28877,-71.018051
7/28/2017 11:59,17784,42.2888715384615,-71.0171001538462
7/28/2017 12:29,17784,42.28877,-71.018051
7/28/2017 14:59,17784,42.28877,-71.018051
7/28/2017 15:29,17784,42.28877,-71.018051
7/28/2017 15:59,17784,42.28877,-71.018051
7/28/2017 16:29,17784,42.28877,-71.018051
7/28/2017 16:59,17784,42.28877,-71.018051
7/28/2017 17:29,17784,42.28877,-71.018051
7/28/2017 17:59,17784,42.28877,-71.018051
7/28/2017 18:59,17784,42.28877,-71.018051
7/28/2017 19:29,17784,42.28877,-71.018051
7/28/2017 19:59,17784,42.28877,-71.018051
7/28/2017 20:29,17784,42.28877,-71.018051
7/28/2017 20:59,17784,42.28877,-71.018051
7/28/2017 21:29,17784,42.28877,-71.018051
7/28/2017 21:59,17784,42.28932,-71.0129005833333
7/28/2017 22:29,17784,42.28937,-71.0124323636364
7/28/2017 22:59,17784,42.29009,-71.00569
7/28/2017 23:29,17784,42.29009,-71.00569
7/28/2017 23:59,17784,42.29009,-71.00569
7/29/2017 0:29,17784,42.29009,-71.00569
7/29/2017 0:59,17784,42.29009,-71.00569
7/29/2017 1:29,17784,42.29009,-71.00569
7/29/2017 1:59,17784,42.29009,-71.00569
7/29/2017 2:29,17784,42.29009,-71.00569
7/29/2017 2:59,17784,42.29009,-71.00569
7/29/2017 3:29,17784,42.29009,-71.00569
7/29/2017 3:59,17784,42.29009,-71.00569
7/29/2017 4:29,17784,42.2890606666667,-71.0055166666667
7/29/2017 4:59,17784,42.28973,-71.0090611818182
7/29/2017 5:29,17784,42.2891825,-71.0141881875
7/29/2017 5:59,17784,42.2890633333333,-71.0153041111111
7/29/2017 6:29,17784,42.2890029411765,-71.0158696470588
7/29/2017 6:59,17784,42.2888715384615,-71.0171001538462
7/29/2017 7:29,17784,42.28877,-71.018051
7/29/2017 7:59,17784,42.28877,-71.018051
7/29/2017 8:29,17784,42.28877,-71.018051
7/29/2017 8:59,17784,42.28877,-71.018051
7/29/2017 9:29,17784,42.28877,-71.018051
7/29/2017 9:59,17784,42.28877,-71.018051
7/29/2017 10:59,17784,42.28877,-71.018051
7/29/2017 11:29,17784,42.28877,-71.018051
7/29/2017 12:29,17784,42.28877,-71.018051
7/29/2017 12:59,17784,42.28877,-71.018051
7/29/2017 13:29,17784,42.28877,-71.018051
7/29/2017 15:29,17784,42.28877,-71.018051
7/29/2017 16:29,17784,42.29009,-71.00569
7/29/2017 16:59,17784,42.28976,-71.00878025
7/29/2017 17:29,17784,42.289826,-71.0081622
7/29/2017 17:59,17784,42.288282,-71.0079022
7/29/2017 18:29,17784,42.287335,-71.013090625
7/29/2017 18:59,17784,42.28877,-71.018051
7/29/2017 19:29,17784,42.28877,-71.018051
7/29/2017 19:59,17784,42.28877,-71.018051
7/29/2017 20:29,17784,42.28877,-71.018051
7/29/2017 20:59,17784,42.28877,-71.018051
7/29/2017 21:29,17784,42.2867833333333,-71.0121238888889
7/29/2017 21:59,17784,42.287335,-71.013090625
7/29/2017 22:29,17784,42.2892414285714,-71.0136363571429
7/29/2017 22:59,17784,42.28877,-71.018051
7/29/2017 23:29,17784,42.28877,-71.018051
7/29/2017 23:59,17784,42.2887866666667,-71.0117621666667
7/30/2017 0:29,17784,42.2883081818182,-71.0156853636364
7/30/2017 0:59,17784,42.2859,-71.00813025
7/30/2017 1:29,17784,42.2892211111111,-71.0097381111111
7/30/2017 1:59,17784,42.2893566666667,-71.0125572222222
7/30/2017 2:29,17784,42.2889983333333,-71.0128464166667
7/30/2017 2:59,17784,42.2880883333333,-71.012168875
7/30/2017 3:29,17784,42.2890190909091,-71.0123732727273
7/30/2017 3:59,17784,42.28921,-71.0139306666667
7/30/2017 4:29,17784,42.2889585714286,-71.0162851428571
7/30/2017 4:59,17784,42.2890528571429,-71.0154022142857
7/30/2017 5:29,17784,42.2889585714286,-71.0162851428571
7/30/2017 5:59,17784,42.2889730769231,-71.0161493076923
7/30/2017 6:29,17784,42.28899,-71.0159908333333
7/30/2017 6:59,17784,42.2890528571429,-71.0154022142857
7/30/2017 7:29,17784,42.2889585714286,-71.0162851428571
7/30/2017 7:59,17784,42.2883081818182,-71.0156853636364
7/30/2017 8:29,17784,42.2890746153846,-71.0151984615385
7/30/2017 8:59,17784,42.2884566666667,-71.0148524166667
7/30/2017 9:29,17784,42.288902,-71.0168149
7/30/2017 9:59,17784,42.28943,-71.0118705
7/30/2017 10:29,17784,42.28877,-71.018051
7/30/2017 10:59,17784,42.2890175,-71.0157333125
7/30/2017 11:29,17784,42.289265,-71.013415625
7/30/2017 11:59,17784,42.28921,-71.0139306666667
7/30/2017 12:29,17784,42.289298,-71.0131066
7/30/2017 12:59,17784,42.288865,-71.0125618125
7/30/2017 13:29,17784,42.287578,-71.0144947333333
7/30/2017 13:59,17784,42.288282,-71.0079022
7/30/2017 14:29,17784,42.28237,-71.00439
7/30/2017 14:59,17784,42.2871207692308,-71.00519
7/30/2017 16:29,17784,42.28877,-71.018051
7/30/2017 16:59,17784,42.28877,-71.018051
7/30/2017 17:29,17784,42.2889585714286,-71.0162851428571
7/30/2017 17:59,17784,42.288935,-71.016505875
7/30/2017 18:29,17784,42.2889166666667,-71.0166775555556
7/30/2017 18:59,17784,42.28901,-71.0158035454545
7/30/2017 19:29,17784,42.28889,-71.0169272727273
7/30/2017 19:59,17784,42.28921,-71.0139306666667
7/30/2017 20:29,17784,42.2890746153846,-71.0151984615385
7/30/2017 20:59,17784,42.28877,-71.018051
7/30/2017 21:29,17784,42.28877,-71.018051
7/30/2017 21:59,17784,42.28877,-71.018051
7/30/2017 22:29,17784,42.288935,-71.016505875
7/30/2017 22:59,17784,42.28877,-71.018051
7/30/2017 23:29,17784,42.28877,-71.018051
7/30/2017 23:59,17784,42.28877,-71.018051
7/31/2017 0:29,17784,42.28877,-71.018051
7/31/2017 0:59,17784,42.28877,-71.018051
7/31/2017 1:29,17784,42.28877,-71.018051
7/31/2017 1:59,17784,42.28877,-71.018051
7/31/2017 2:29,17784,42.28877,-71.018051
7/31/2017 2:59,17784,42.2888544444444,-71.0131717222222
7/31/2017 3:29,17784,42.288018,-71.0103744
7/31/2017 3:59,17784,42.2857966666667,-71.0066448
7/31/2017 4:29,17784,42.2879784210526,-71.0099703684211
7/31/2017 4:59,17784,42.2882795652174,-71.0130445217391
7/31/2017 5:29,17784,42.2880442857143,-71.0143335714286
7/31/2017 5:59,17784,42.289034,-71.0155788
7/31/2017 6:29,17784,42.2886264705882,-71.0150660588235
7/31/2017 6:59,17784,42.28877,-71.018051
7/31/2017 7:29,17784,42.2891,-71.01496075
7/31/2017 7:59,17784,42.2890175,-71.0157333125
7/31/2017 8:29,17784,42.2885193333333,-71.0154921333333
7/31/2017 8:59,17784,42.2886344444444,-71.0152318888889
7/31/2017 9:29,17784,42.28877,-71.018051
7/31/2017 9:59,17784,42.2888642857143,-71.0171680714286
7/31/2017 10:29,17784,42.2891761538462,-71.0142476153846
7/31/2017 10:59,17784,42.2885014285714,-71.0153093571429
7/31/2017 11:29,17784,42.2885666666667,-71.0138223333333
7/31/2017 11:59,17784,42.288135,-71.01479825
7/31/2017 12:29,17784,42.28813,-71.0166849
7/31/2017 12:59,17784,42.28809,-71.0130967692308
7/31/2017 13:29,17784,42.289034,-71.0155788
7/31/2017 13:59,17784,42.289034,-71.0155788
7/31/2017 14:29,17784,42.28869,-71.0135435
7/31/2017 14:59,17784,42.2882166666667,-71.0109671111111
7/31/2017 15:29,17784,42.288922,-71.0092683
7/31/2017 15:59,17784,42.289298,-71.0131066
7/31/2017 16:29,17784,42.2888525,-71.0172784375
7/31/2017 16:59,17784,42.28877,-71.018051
7/31/2017 17:29,17784,42.28877,-71.018051
7/31/2017 17:59,17784,42.28877,-71.018051
7/31/2017 18:29,17784,42.28877,-71.018051
7/31/2017 18:59,17784,42.28877,-71.018051
7/31/2017 19:29,17784,42.28877,-71.018051
7/31/2017 19:59,17784,42.28877,-71.018051
7/31/2017 20:29,17784,42.28877,-71.018051
7/31/2017 20:59,17784,42.28899,-71.0159908333333
7/31/2017 21:29,17784,42.2890029411765,-71.0158696470588
7/31/2017 21:59,17784,42.2892563157895,-71.0134969473684
7/31/2017 22:29,17784,42.289122,-71.0147547333333
7/31/2017 22:59,17784,42.28877,-71.018051
7/31/2017 23:29,17784,42.28877,-71.018051
7/31/2017 23:59,17784,42.28877,-71.018051
8/1/2017 0:29,17784,42.2889166666667,-71.0166775555556
8/1/2017 0:59,17784,42.28877,-71.018051
8/1/2017 1:29,17784,42.28877,-71.018051
8/1/2017 1:59,17784,42.28877,-71.018051
8/1/2017 2:29,17784,42.28877,-71.018051
8/1/2017 2:59,17784,42.28877,-71.018051
8/1/2017 3:29,17784,42.28877,-71.018051
8/1/2017 3:59,17784,42.28877,-71.018051
8/1/2017 4:29,17784,42.28877,-71.018051
8/1/2017 4:59,17784,42.28877,-71.018051
8/1/2017 5:29,17784,42.2890805882353,-71.0151425294118
8/1/2017 5:59,17784,42.2889252941176,-71.0165967647059
8/1/2017 6:29,17784,42.288935,-71.016505875
8/1/2017 6:59,17784,42.2889730769231,-71.0161493076923
8/1/2017 7:29,17784,42.28899,-71.0159908333333
8/1/2017 7:59,17784,42.28877,-71.018051
8/1/2017 8:29,17784,42.28877,-71.018051
8/1/2017 8:59,17784,42.28889,-71.0169272727273
8/1/2017 9:29,17784,42.2890633333333,-71.0153041111111
8/1/2017 9:59,17784,42.28877,-71.018051
8/1/2017 10:59,17784,42.28877,-71.018051
8/1/2017 11:29,17784,42.28877,-71.018051
8/1/2017 14:29,17784,42.28877,-71.018051
8/1/2017 14:59,17784,42.28877,-71.018051
8/1/2017 15:29,17784,42.28877,-71.018051
8/1/2017 15:59,17784,42.28877,-71.018051
8/1/2017 16:29,17784,42.28877,-71.018051
8/1/2017 16:59,17784,42.28877,-71.018051
8/1/2017 17:29,17784,42.28877,-71.018051
8/1/2017 17:59,17784,42.28877,-71.018051
8/1/2017 18:29,17784,42.28877,-71.018051
8/1/2017 18:59,17784,42.28877,-71.018051
8/1/2017 19:29,17784,42.28877,-71.018051
8/1/2017 19:59,17784,42.28877,-71.018051
8/1/2017 20:29,17784,42.28877,-71.018051
8/1/2017 20:59,17784,42.28877,-71.018051
8/1/2017 21:29,17784,42.28877,-71.018051
8/1/2017 21:59,17784,42.28877,-71.018051
8/1/2017 22:29,17784,42.28877,-71.018051
8/1/2017 22:59,17784,42.28877,-71.018051
8/1/2017 23:29,17784,42.28877,-71.018051
8/1/2017 23:59,17784,42.28877,-71.018051
8/2/2017 0:29,17784,42.28877,-71.018051
8/2/2017 0:59,17784,42.28877,-71.018051
8/2/2017 1:29,17784,42.28921,-71.0139306666667
8/2/2017 1:59,17784,42.289034,-71.0155788
8/2/2017 2:29,17784,42.288858,-71.0172269333333
8/2/2017 2:59,17784,42.28877,-71.018051
8/2/2017 3:29,17784,42.28877,-71.018051
8/2/2017 3:59,17784,42.28877,-71.018051
8/2/2017 4:29,17784,42.2888715384615,-71.0171001538462
8/2/2017 4:59,17784,42.28877,-71.018051
8/2/2017 5:29,17784,42.2891,-71.01496075
8/2/2017 5:59,17784,42.29009,-71.00569
8/2/2017 6:29,17784,42.29009,-71.00569
8/2/2017 6:59,17784,42.29009,-71.00569
8/2/2017 7:29,17784,42.289265,-71.013415625
8/2/2017 7:59,17784,42.2890175,-71.0157333125
8/2/2017 8:29,17784,42.2888715384615,-71.0171001538462
8/2/2017 8:59,17784,42.28877,-71.018051
8/2/2017 9:29,17784,42.28877,-71.018051
8/2/2017 9:59,17784,42.28877,-71.018051
8/2/2017 10:29,17784,42.2891825,-71.0141881875
8/2/2017 10:59,17784,42.289034,-71.0155788
8/2/2017 11:29,17784,42.28901,-71.0158035454545
8/2/2017 11:59,17784,42.28877,-71.018051
8/2/2017 12:29,17784,42.2888423809524,-71.0138687619048
8/2/2017 12:59,17784,42.28877,-71.018051
8/2/2017 13:29,17784,42.28877,-71.018051
8/2/2017 13:59,17784,42.28877,-71.018051
8/2/2017 14:29,17784,42.28877,-71.018051
8/2/2017 14:59,17784,42.28877,-71.018051
8/2/2017 15:29,17784,42.288858,-71.0172269333333
8/2/2017 15:59,17784,42.28877,-71.018051
8/2/2017 16:29,17784,42.28877,-71.018051
8/2/2017 19:29,17784,42.28877,-71.018051
8/2/2017 19:59,17784,42.28877,-71.018051
8/2/2017 21:29,17784,42.28877,-71.018051
8/2/2017 21:59,17784,42.28877,-71.018051
8/2/2017 22:29,17784,42.28877,-71.018051
8/2/2017 22:59,17784,42.28877,-71.018051
8/2/2017 23:29,17784,42.28877,-71.018051
8/2/2017 23:59,17784,42.2834366666667,-71.0066668333333
8/3/2017 0:29,17784,42.28237,-71.00439
8/3/2017 0:59,17784,42.2785,-70.99009
8/3/2017 3:29,17784,42.2785,-70.99009
8/3/2017 3:59,17784,42.2785,-70.99009
8/3/2017 4:29,17784,42.2785,-70.99009
8/3/2017 4:59,17784,42.2785,-70.99009
8/3/2017 5:29,17784,42.2785,-70.99009
8/3/2017 5:59,17784,42.2785,-70.99009
8/3/2017 6:29,17784,42.2785,-70.99009
8/3/2017 6:59,17784,42.2785,-70.99009
8/3/2017 7:29,17784,42.2785,-70.99009
8/3/2017 7:59,17784,42.2785,-70.99009
8/3/2017 8:29,17784,42.2785,-70.99009
8/3/2017 8:59,17784,42.2785,-70.99009
8/3/2017 9:29,17784,42.2785,-70.99009
8/3/2017 9:59,17784,42.2785,-70.99009
8/3/2017 10:29,17784,42.2785,-70.99009
8/3/2017 10:59,17784,42.2785,-70.99009
8/3/2017 11:29,17784,42.2785,-70.99009
8/3/2017 11:59,17784,42.2785,-70.99009
8/3/2017 12:29,17784,42.2785,-70.99009
8/3/2017 12:59,17784,42.2785,-70.99009
8/3/2017 13:29,17784,42.2785,-70.99009
8/3/2017 13:59,17784,42.2785,-70.99009
8/3/2017 14:29,17784,42.2785,-70.99009
8/3/2017 14:59,17784,42.2785,-70.99009
8/3/2017 15:29,17784,42.2785,-70.99009
8/3/2017 15:59,17784,42.2785,-70.99009
8/3/2017 17:59,17784,42.2785,-70.99009
8/3/2017 18:29,17784,42.2785,-70.99009
8/3/2017 18:59,17784,42.2785,-70.99009
8/3/2017 19:29,17784,42.2785,-70.99009
8/3/2017 19:59,17784,42.2785,-70.99009
8/3/2017 20:29,17784,42.2785,-70.99009
8/3/2017 20:59,17784,42.2785,-70.99009
8/3/2017 21:29,17784,42.2785,-70.99009
8/3/2017 21:59,17784,42.2785,-70.99009
8/3/2017 22:59,17784,42.2785,-70.99009
8/3/2017 23:29,17784,42.2785,-70.99009
8/3/2017 23:59,17784,42.2785,-70.99009
8/4/2017 0:29,17784,42.2785,-70.99009
8/4/2017 3:29,17784,42.2785,-70.99009
8/4/2017 3:59,17784,42.2785,-70.99009
8/4/2017 4:59,17784,42.2785,-70.99009
8/4/2017 5:29,17784,42.2785,-70.99009
8/4/2017 5:59,17784,42.2785,-70.99009
8/4/2017 6:29,17784,42.28108,-70.9996233333333
8/4/2017 6:59,17784,42.2866588888889,-71.0051122222222
8/4/2017 7:29,17784,42.29009,-71.00569
8/4/2017 7:59,17784,42.2897128571429,-71.0092217142857
8/4/2017 8:29,17784,42.28877,-71.018051
8/4/2017 8:59,17784,42.2888525,-71.0172784375
8/4/2017 9:29,17784,42.2890528571429,-71.0154022142857
8/4/2017 9:59,17784,42.289034,-71.0155788
8/4/2017 10:29,17784,42.288935,-71.016505875
8/4/2017 10:59,17784,42.28877,-71.018051
8/4/2017 11:29,17784,42.28877,-71.018051
8/4/2017 11:59,17784,42.28877,-71.018051
8/4/2017 12:29,17784,42.28877,-71.018051
8/4/2017 12:59,17784,42.2888642857143,-71.0171680714286
8/4/2017 13:29,17784,42.28877,-71.018051
8/4/2017 13:59,17784,42.28877,-71.018051
8/4/2017 14:29,17784,42.28877,-71.018051
8/4/2017 14:59,17784,42.28877,-71.018051
8/4/2017 15:29,17784,42.28877,-71.018051
8/4/2017 15:59,17784,42.28877,-71.018051
8/4/2017 16:29,17784,42.28877,-71.018051
8/4/2017 16:59,17784,42.28877,-71.018051
8/4/2017 17:29,17784,42.28877,-71.018051
8/4/2017 19:29,17784,42.28877,-71.018051
8/4/2017 19:59,17784,42.28877,-71.018051
8/4/2017 21:29,17784,42.28877,-71.018051
8/4/2017 21:59,17784,42.28877,-71.018051
8/4/2017 22:29,17784,42.28877,-71.018051
8/4/2017 22:59,17784,42.28877,-71.018051
8/4/2017 23:29,17784,42.28877,-71.018051
8/4/2017 23:59,17784,42.28877,-71.018051
8/5/2017 0:29,17784,42.28877,-71.018051
8/5/2017 0:59,17784,42.28877,-71.018051
8/5/2017 1:29,17784,42.28877,-71.018051
8/5/2017 1:59,17784,42.28877,-71.018051
8/5/2017 2:29,17784,42.2889585714286,-71.0162851428571
8/5/2017 2:59,17784,42.2888525,-71.0172784375
8/5/2017 3:29,17784,42.2891825,-71.0141881875
8/5/2017 3:59,17784,42.2892358823529,-71.0136882941176
8/5/2017 4:29,17784,42.28878,-71.0142777
8/5/2017 4:59,17784,42.2893792307692,-71.0123459230769
8/5/2017 5:29,17784,42.2893566666667,-71.0125572222222
8/5/2017 5:59,17784,42.289298,-71.0131066
8/5/2017 6:29,17784,42.2891481818182,-71.0078192727273
8/5/2017 6:59,17784,42.2879652,-71.01086884
8/5/2017 7:29,17784,42.288272,-71.0116755
8/5/2017 7:59,17784,42.29009,-71.00569
8/5/2017 8:29,17784,42.29009,-71.00569
8/5/2017 8:59,17784,42.2880288235294,-71.0120046470588
8/5/2017 9:29,17784,42.28888,-71.0170209166667
8/5/2017 9:59,17784,42.2891,-71.01496075
8/5/2017 10:29,17784,42.289034,-71.0155788
8/5/2017 10:59,17784,42.2890746153846,-71.0151984615385
8/5/2017 11:29,17784,42.2888715384615,-71.0171001538462
8/5/2017 11:59,17784,42.28877,-71.018051
8/5/2017 12:29,17784,42.28877,-71.018051
8/5/2017 12:59,17784,42.28877,-71.018051
8/5/2017 13:29,17784,42.28877,-71.018051
8/5/2017 13:59,17784,42.28877,-71.018051
8/5/2017 14:29,17784,42.28889,-71.0169272727273
8/5/2017 14:59,17784,42.28877,-71.018051
8/5/2017 15:29,17784,42.28877,-71.018051
8/5/2017 15:59,17784,42.28877,-71.018051
8/5/2017 16:29,17784,42.28877,-71.018051
8/5/2017 16:59,17784,42.28877,-71.018051
8/5/2017 17:29,17784,42.28877,-71.018051
8/5/2017 17:59,17784,42.28877,-71.018051
8/5/2017 18:29,17784,42.28877,-71.018051
8/5/2017 18:59,17784,42.28877,-71.018051
8/5/2017 19:29,17784,42.28877,-71.018051
8/5/2017 19:59,17784,42.28877,-71.018051
8/5/2017 21:59,17784,42.29009,-71.00569
8/5/2017 22:29,17784,42.28925,-71.0135560909091
8/5/2017 22:59,17784,42.2888715384615,-71.0171001538462
8/5/2017 23:29,17784,42.28877,-71.018051
8/5/2017 23:59,17784,42.28877,-71.018051
8/6/2017 0:29,17784,42.2881723529412,-71.0149895882353
8/6/2017 0:59,17784,42.28932,-71.0129005833333
8/6/2017 1:29,17784,42.29009,-71.00569
8/6/2017 1:59,17784,42.29009,-71.00569
8/6/2017 2:29,17784,42.2892358823529,-71.0136882941176
8/6/2017 2:59,17784,42.2888715384615,-71.0171001538462
8/6/2017 3:29,17784,42.28877,-71.018051
8/6/2017 3:59,17784,42.28877,-71.018051
8/6/2017 4:29,17784,42.28877,-71.018051
8/6/2017 4:59,17784,42.28877,-71.018051
8/6/2017 5:29,17784,42.28877,-71.018051
8/6/2017 5:59,17784,42.288935,-71.016505875
8/6/2017 6:29,17784,42.28921,-71.0139306666667
8/6/2017 6:59,17784,42.2891,-71.01496075
8/6/2017 7:29,17784,42.28943,-71.0118705
8/6/2017 7:59,17784,42.2879629411765,-71.0082925882353
8/6/2017 8:29,17784,42.288546,-71.00543
8/6/2017 8:59,17784,42.2883744444444,-71.0054011111111
8/6/2017 9:29,17784,42.2894466666667,-71.0055816666667
8/6/2017 9:59,17784,42.29009,-71.00569
8/6/2017 10:29,17784,42.289595,-71.010325375
8/6/2017 10:59,17784,42.2893566666667,-71.0125572222222
8/6/2017 11:29,17784,42.28877,-71.018051
8/6/2017 11:59,17784,42.28877,-71.018051
8/6/2017 12:29,17784,42.28877,-71.018051
8/6/2017 12:59,17784,42.28877,-71.018051
8/6/2017 13:29,17784,42.28877,-71.018051
8/6/2017 13:59,17784,42.28877,-71.018051
8/6/2017 14:29,17784,42.28877,-71.018051
8/6/2017 14:59,17784,42.28877,-71.018051
8/6/2017 15:29,17784,42.28877,-71.018051
8/6/2017 15:59,17784,42.28877,-71.018051
8/6/2017 16:29,17784,42.28877,-71.018051
8/6/2017 16:59,17784,42.28877,-71.018051
8/6/2017 17:29,17784,42.28877,-71.018051
8/6/2017 17:59,17784,42.28877,-71.018051
8/6/2017 18:29,17784,42.28877,-71.018051
8/6/2017 18:59,17784,42.28877,-71.018051
8/6/2017 19:29,17784,42.28877,-71.018051
8/6/2017 19:59,17784,42.28877,-71.018051
8/6/2017 21:59,17784,42.28877,-71.018051
8/6/2017 22:29,17784,42.28877,-71.018051
8/6/2017 22:59,17784,42.28877,-71.018051
8/6/2017 23:29,17784,42.28877,-71.018051
8/6/2017 23:59,17784,42.28877,-71.018051
8/7/2017 0:29,17784,42.28877,-71.018051
8/7/2017 0:59,17784,42.28877,-71.018051
8/7/2017 1:29,17784,42.288535,-71.0156520625
8/7/2017 1:59,17784,42.2875825,-71.0107729375
8/7/2017 2:29,17784,42.2853611111111,-71.0090881111111
8/7/2017 2:59,17784,42.2844407692308,-71.0076425384615
8/7/2017 3:29,17784,42.2859135294118,-71.0101680588235
8/7/2017 3:59,17784,42.2890175,-71.0157333125
8/7/2017 4:29,17784,42.2881071428571,-71.0137449523809
8/7/2017 4:59,17784,42.2890805882353,-71.0151425294118
8/7/2017 5:29,17784,42.28921,-71.0139306666667
8/7/2017 5:59,17784,42.2892865217391,-71.0132140869565
8/7/2017 6:29,17784,42.2888990909091,-71.013497
8/7/2017 6:59,17784,42.28877,-71.018051
8/7/2017 7:29,17784,42.28888,-71.0170209166667
8/7/2017 7:59,17784,42.2891582352941,-71.0144154117647
8/7/2017 8:29,17784,42.287665,-71.010000375
8/7/2017 8:59,17784,42.29009,-71.00569
8/7/2017 9:29,17784,42.2888033333333,-71.0054733333333
8/7/2017 9:59,17784,42.29009,-71.00569
8/7/2017 10:29,17784,42.29009,-71.00569
8/7/2017 10:59,17784,42.2883271428571,-71.0116847857143
8/7/2017 11:29,17784,42.2885481818182,-71.0134379090909
8/7/2017 11:59,17784,42.288912,-71.0130416
8/7/2017 12:29,17784,42.288272,-71.0116755
8/7/2017 12:59,17784,42.2882175,-71.0140256875
8/7/2017 13:29,17784,42.2887041176471,-71.0143389411765
8/7/2017 13:59,17784,42.2891366666667,-71.0146173888889
8/7/2017 14:29,17784,42.28749,-71.0153188
8/7/2017 14:59,17784,42.2880926666667,-71.0145814
8/7/2017 15:29,17784,42.2883466666667,-71.0158825
8/7/2017 15:59,17784,42.2878133333333,-71.0147440833333
8/7/2017 16:29,17784,42.28877,-71.018051
8/7/2017 16:59,17784,42.28877,-71.018051
8/7/2017 17:29,17784,42.28877,-71.018051
8/7/2017 17:59,17784,42.28877,-71.018051
8/7/2017 18:29,17784,42.28877,-71.018051
8/7/2017 18:59,17784,42.28877,-71.018051
8/7/2017 19:29,17784,42.28877,-71.018051
8/7/2017 19:59,17784,42.28877,-71.018051
8/7/2017 20:29,17784,42.28877,-71.018051
8/7/2017 20:59,17784,42.28623,-71.00504
8/7/2017 23:29,17784,42.28237,-71.00439
8/7/2017 23:59,17784,42.2830718181818,-71.0045081818182
8/8/2017 0:29,17784,42.2814015,-70.99945
8/8/2017 0:59,17784,42.2785,-70.99009
8/8/2017 1:29,17784,42.2785,-70.99009
8/8/2017 1:59,17784,42.2785,-70.99009
8/8/2017 2:29,17784,42.2785,-70.99009
8/8/2017 2:59,17784,42.2785,-70.99009
8/8/2017 3:29,17784,42.2785,-70.99009
8/8/2017 3:59,17784,42.2785,-70.99009
8/8/2017 4:29,17784,42.2785,-70.99009
8/8/2017 4:59,17784,42.2785,-70.99009
8/8/2017 5:29,17784,42.2785,-70.99009
8/8/2017 5:59,17784,42.2785,-70.99009
8/8/2017 6:29,17784,42.2785,-70.99009
8/8/2017 6:59,17784,42.2785,-70.99009
8/8/2017 7:29,17784,42.2785,-70.99009
8/8/2017 7:59,17784,42.2785,-70.99009
8/8/2017 8:29,17784,42.2785,-70.99009
8/8/2017 8:59,17784,42.2785,-70.99009
8/8/2017 9:29,17784,42.2785,-70.99009
8/8/2017 9:59,17784,42.278758,-70.9910433333333
8/8/2017 10:29,17784,42.278741875,-70.99098375
8/8/2017 10:59,17784,42.2785,-70.99009
8/8/2017 11:29,17784,42.2785,-70.99009
8/8/2017 11:59,17784,42.2785,-70.99009
8/8/2017 12:29,17784,42.2802581818182,-70.9953490909091
8/8/2017 12:59,17784,42.2807114285714,-70.9982614285714
8/8/2017 13:29,17784,42.283335,-71.0045525
8/8/2017 13:59,17784,42.2833993333333,-71.0045633333333
8/8/2017 14:29,17784,42.2823688888889,-71.0028733333333
8/8/2017 14:59,17784,42.283335,-71.0045525
8/8/2017 15:29,17784,42.284686,-71.00478
8/8/2017 15:59,17784,42.2854711764706,-71.0056524117647
8/8/2017 16:29,17784,42.2851223809524,-71.0066510952381
8/8/2017 16:59,17784,42.2852255555556,-71.006269
8/8/2017 17:29,17784,42.2830811111111,-71.0059078888889
8/8/2017 17:59,17784,42.2829638461538,-71.00449
8/8/2017 18:29,17784,42.2850170588235,-71.0055759411765
8/8/2017 18:59,17784,42.2836566666667,-71.0046066666667
8/8/2017 19:29,17784,42.2844754545455,-71.0047445454545
8/8/2017 19:59,17784,42.28237,-71.00439
8/8/2017 20:29,17784,42.2878645454545,-71.0064591818182
8/8/2017 20:59,17784,42.28965,-71.0098103333333
8/8/2017 21:29,17784,42.289034,-71.0155788
8/8/2017 22:29,17784,42.29009,-71.00569
8/8/2017 23:29,17784,42.289034,-71.0155788
8/8/2017 23:59,17784,42.28921,-71.0139306666667
8/9/2017 0:29,17784,42.2872645454545,-71.0120778181818
8/9/2017 0:59,17784,42.2853238461538,-71.0106950769231
8/9/2017 1:29,17784,42.2852376923077,-71.0058408461538
8/9/2017 1:59,17784,42.2840242857143,-71.0046685714286
8/9/2017 2:29,17784,42.28108,-70.9996233333333
8/9/2017 2:59,17784,42.2785,-70.99009
8/9/2017 3:29,17784,42.2785,-70.99009
8/9/2017 3:59,17784,42.2785,-70.99009
8/9/2017 4:29,17784,42.2785,-70.99009
8/9/2017 4:59,17784,42.2785,-70.99009
8/9/2017 5:29,17784,42.2785,-70.99009
8/9/2017 5:59,17784,42.278887,-70.99152
8/9/2017 6:29,17784,42.2820723076923,-71.00329
8/9/2017 6:59,17784,42.2877877777778,-71.0108948888889
8/9/2017 7:29,17784,42.289595,-71.010325375
8/9/2017 7:59,17784,42.28919,-71.0141179545455
8/9/2017 8:29,17784,42.2890805882353,-71.0151425294118
8/9/2017 8:59,17784,42.289364,-71.01248855
8/9/2017 9:29,17784,42.2895242857143,-71.0109875714286
8/9/2017 9:59,17784,42.2894466666667,-71.0055816666667
8/9/2017 10:29,17784,42.29009,-71.00569
8/9/2017 10:59,17784,42.29009,-71.00569
8/9/2017 11:29,17784,42.287002,-71.00517
8/9/2017 11:59,17784,42.2883084615385,-71.00539
8/9/2017 12:29,17784,42.2885976923077,-71.0083425384615
8/9/2017 12:59,17784,42.2895342105263,-71.0108946315789
8/9/2017 13:29,17784,42.288714,-71.01489575
8/9/2017 13:59,17784,42.28877,-71.018051
8/9/2017 14:29,17784,42.28877,-71.018051
8/9/2017 14:59,17784,42.28877,-71.018051
8/9/2017 15:29,17784,42.28877,-71.018051
8/9/2017 15:59,17784,42.28877,-71.018051
8/9/2017 16:29,17784,42.28877,-71.018051
8/9/2017 16:59,17784,42.28877,-71.018051
8/9/2017 17:29,17784,42.28877,-71.018051
8/9/2017 17:59,17784,42.28877,-71.018051
8/9/2017 18:29,17784,42.28889,-71.0169272727273
8/9/2017 18:59,17784,42.2889585714286,-71.0162851428571
8/9/2017 19:29,17784,42.28877,-71.018051
8/9/2017 19:59,17784,42.28877,-71.018051
8/9/2017 22:59,17784,42.28237,-71.00439
8/9/2017 23:29,17784,42.2785,-70.99009
8/9/2017 23:59,17784,42.2785,-70.99009
8/10/2017 0:29,17784,42.2785,-70.99009
8/10/2017 0:59,17784,42.2785,-70.99009
8/10/2017 1:29,17784,42.2785,-70.99009
8/10/2017 1:59,17784,42.2785,-70.99009
8/10/2017 2:29,17784,42.2785,-70.99009
8/10/2017 2:59,17784,42.2785,-70.99009
8/10/2017 3:29,17784,42.2785,-70.99009
8/10/2017 3:59,17784,42.27898375,-70.9918775
8/10/2017 4:29,17784,42.2829214285714,-71.0044828571429
8/10/2017 4:59,17784,42.2837323529412,-71.0046194117647
8/10/2017 5:29,17784,42.2860461904762,-71.0050090476191
8/10/2017 5:59,17784,42.2891915384615,-71.0084425384615
8/10/2017 6:29,17784,42.2888642857143,-71.0171680714286
8/10/2017 6:59,17784,42.289122,-71.0147547333333
8/10/2017 7:29,17784,42.28877,-71.018051
8/10/2017 8:29,17784,42.28877,-71.018051
8/10/2017 8:59,17784,42.28877,-71.018051
8/10/2017 9:29,17784,42.28877,-71.018051
8/10/2017 9:59,17784,42.28877,-71.018051
8/10/2017 12:29,17784,42.29009,-71.00569
8/10/2017 12:59,17784,42.2893911764706,-71.0122340588235
8/10/2017 13:29,17784,42.2890029411765,-71.0158696470588
8/10/2017 13:59,17784,42.2889585714286,-71.0162851428571
8/10/2017 14:29,17784,42.28877,-71.018051
8/10/2017 14:59,17784,42.28889,-71.0169272727273
8/10/2017 15:29,17784,42.28877,-71.018051
8/10/2017 15:59,17784,42.28877,-71.018051
8/10/2017 16:29,17784,42.28877,-71.018051
8/10/2017 16:59,17784,42.28877,-71.018051
8/10/2017 17:29,17784,42.28877,-71.018051
8/10/2017 17:59,17784,42.28877,-71.018051
8/10/2017 18:29,17784,42.28877,-71.018051
8/10/2017 18:59,17784,42.28877,-71.018051
8/10/2017 19:29,17784,42.28877,-71.018051
8/10/2017 19:59,17784,42.28877,-71.018051
8/10/2017 20:29,17784,42.28877,-71.018051
8/11/2017 0:59,17784,42.28877,-71.018051
8/11/2017 1:29,17784,42.28877,-71.018051
8/11/2017 1:59,17784,42.288935,-71.016505875
8/11/2017 2:29,17784,42.28877,-71.018051
8/11/2017 2:59,17784,42.2888642857143,-71.0171680714286
8/11/2017 3:29,17784,42.28877,-71.018051
8/11/2017 3:59,17784,42.28877,-71.018051
8/11/2017 4:29,17784,42.28877,-71.018051
8/11/2017 4:59,17784,42.28877,-71.018051
8/11/2017 5:29,17784,42.28877,-71.018051
8/11/2017 5:59,17784,42.28877,-71.018051
8/11/2017 6:29,17784,42.28877,-71.018051
8/11/2017 6:59,17784,42.28877,-71.018051
8/11/2017 7:29,17784,42.28877,-71.018051
8/11/2017 7:59,17784,42.28877,-71.018051
8/11/2017 8:29,17784,42.28877,-71.018051
8/11/2017 8:59,17784,42.28877,-71.018051
8/11/2017 9:29,17784,42.28877,-71.018051
8/11/2017 9:59,17784,42.28877,-71.018051
8/11/2017 10:29,17784,42.28877,-71.018051
8/11/2017 10:59,17784,42.28877,-71.018051
8/11/2017 12:59,17784,42.29009,-71.00569
8/11/2017 13:29,17784,42.28921,-71.0139306666667
8/11/2017 13:59,17784,42.2889166666667,-71.0166775555556
8/11/2017 14:29,17784,42.2888642857143,-71.0171680714286
8/11/2017 14:59,17784,42.288858,-71.0172269333333
8/11/2017 15:29,17784,42.28877,-71.018051
8/11/2017 15:59,17784,42.28877,-71.018051
8/11/2017 16:29,17784,42.28877,-71.018051
8/11/2017 16:59,17784,42.28877,-71.018051
8/11/2017 17:29,17784,42.28877,-71.018051
8/11/2017 17:59,17784,42.28877,-71.018051
8/11/2017 18:29,17784,42.28877,-71.018051
8/11/2017 18:59,17784,42.28877,-71.018051
8/11/2017 19:29,17784,42.28877,-71.018051
8/11/2017 19:59,17784,42.28877,-71.018051
8/11/2017 20:29,17784,42.28877,-71.018051
8/11/2017 20:59,17784,42.28877,-71.018051
8/11/2017 21:29,17784,42.28877,-71.018051
8/11/2017 21:59,17784,42.28877,-71.018051
8/12/2017 0:59,17784,42.29009,-71.00569
8/12/2017 1:29,17784,42.2889585714286,-71.0162851428571
8/12/2017 1:59,17784,42.2891,-71.01496075
8/12/2017 2:29,17784,42.28877,-71.018051
8/12/2017 2:59,17784,42.28877,-71.018051
8/12/2017 3:29,17784,42.28877,-71.018051
8/12/2017 3:59,17784,42.28877,-71.018051
8/12/2017 4:29,17784,42.28877,-71.018051
8/12/2017 4:59,17784,42.288858,-71.0172269333333
8/12/2017 5:29,17784,42.28877,-71.018051
8/12/2017 5:59,17784,42.28877,-71.018051
8/12/2017 6:29,17784,42.28877,-71.018051
8/12/2017 6:59,17784,42.28877,-71.018051
8/12/2017 7:29,17784,42.28877,-71.018051
8/12/2017 7:59,17784,42.2888525,-71.0172784375
8/12/2017 8:29,17784,42.2888525,-71.0172784375
8/12/2017 8:59,17784,42.28877,-71.018051
8/12/2017 9:29,17784,42.28877,-71.018051
8/12/2017 9:59,17784,42.28877,-71.018051
8/12/2017 10:29,17784,42.28877,-71.018051
8/12/2017 10:59,17784,42.28877,-71.018051
8/12/2017 11:29,17784,42.28877,-71.018051
8/12/2017 13:59,17784,42.289034,-71.0155788
8/12/2017 14:29,17784,42.28877,-71.018051
8/12/2017 14:59,17784,42.28877,-71.018051
8/12/2017 15:29,17784,42.28877,-71.018051
8/12/2017 15:59,17784,42.28877,-71.018051
8/12/2017 16:29,17784,42.28877,-71.018051
8/12/2017 16:59,17784,42.28877,-71.018051
8/12/2017 17:29,17784,42.28877,-71.018051
8/12/2017 17:59,17784,42.28877,-71.018051
8/12/2017 18:29,17784,42.28877,-71.018051
8/12/2017 18:59,17784,42.28877,-71.018051
8/12/2017 19:29,17784,42.28877,-71.018051
8/12/2017 19:59,17784,42.2868007692308,-71.0138476153846
8/12/2017 20:29,17784,42.28877,-71.018051
8/12/2017 20:59,17784,42.2878557142857,-71.0160994285714
8/12/2017 21:29,17784,42.2869414285714,-71.0141478571429
8/12/2017 21:59,17784,42.2834366666667,-71.0066668333333
8/12/2017 22:29,17784,42.28237,-71.00439
8/12/2017 22:59,17784,42.28877,-71.018051
8/12/2017 23:29,17784,42.28877,-71.018051
8/12/2017 23:59,17784,42.28877,-71.018051
8/13/2017 0:29,17784,42.28877,-71.018051
8/13/2017 1:29,17784,42.29009,-71.00569
8/13/2017 2:29,17784,42.28877,-71.018051
8/13/2017 2:59,17784,42.28877,-71.018051
8/13/2017 3:29,17784,42.28877,-71.018051
8/13/2017 3:59,17784,42.28877,-71.018051
8/13/2017 4:29,17784,42.28877,-71.018051
8/13/2017 4:59,17784,42.288946,-71.0164028666667
8/13/2017 5:29,17784,42.28877,-71.018051
8/13/2017 5:59,17784,42.28877,-71.018051
8/13/2017 6:29,17784,42.28877,-71.018051
8/13/2017 6:59,17784,42.28877,-71.018051
8/13/2017 7:29,17784,42.28877,-71.018051
8/13/2017 7:59,17784,42.28877,-71.018051
8/13/2017 8:29,17784,42.28877,-71.018051
8/13/2017 8:59,17784,42.28877,-71.018051
8/13/2017 9:29,17784,42.28877,-71.018051
8/13/2017 9:59,17784,42.2888715384615,-71.0171001538462
8/13/2017 10:29,17784,42.28877,-71.018051
8/13/2017 10:59,17784,42.28888,-71.0170209166667
8/13/2017 11:29,17784,42.28877,-71.018051
8/13/2017 11:59,17784,42.28877,-71.018051
8/13/2017 12:29,17784,42.28877,-71.018051
8/13/2017 14:29,17784,42.28877,-71.018051
8/13/2017 14:59,17784,42.28877,-71.018051
8/13/2017 15:29,17784,42.28877,-71.018051
8/13/2017 16:59,17784,42.28877,-71.018051
8/13/2017 17:29,17784,42.28877,-71.018051
8/13/2017 17:59,17784,42.28877,-71.018051
8/13/2017 18:29,17784,42.28877,-71.018051
8/13/2017 18:59,17784,42.28877,-71.018051
8/13/2017 19:29,17784,42.28877,-71.018051
8/13/2017 19:59,17784,42.2888525,-71.0172784375
8/13/2017 20:29,17784,42.28877,-71.018051
8/13/2017 20:59,17784,42.28877,-71.018051
8/13/2017 21:29,17784,42.28877,-71.018051
8/13/2017 21:59,17784,42.28877,-71.018051
8/14/2017 0:59,17784,42.28237,-71.00439
8/14/2017 1:29,17784,42.28237,-71.00439
8/14/2017 1:59,17784,42.2785,-70.99009
8/14/2017 2:29,17784,42.2785,-70.99009
8/14/2017 2:59,17784,42.2785,-70.99009
8/14/2017 3:29,17784,42.2785,-70.99009
8/14/2017 3:59,17784,42.2785,-70.99009
8/14/2017 4:29,17784,42.2785,-70.99009
8/14/2017 4:59,17784,42.2785,-70.99009
8/14/2017 5:29,17784,42.2785,-70.99009
8/14/2017 5:59,17784,42.2785,-70.99009
8/14/2017 6:29,17784,42.2785,-70.99009
8/14/2017 6:59,17784,42.2807575,-70.9984316666667
8/14/2017 7:29,17784,42.2832277777778,-71.0045344444444
8/14/2017 7:59,17784,42.28943,-71.0118705
8/14/2017 8:29,17784,42.28877,-71.018051
8/14/2017 8:59,17784,42.28877,-71.018051
8/14/2017 9:29,17784,42.28877,-71.018051
8/14/2017 9:59,17784,42.28877,-71.018051
8/14/2017 10:29,17784,42.28877,-71.018051
8/14/2017 10:59,17784,42.28877,-71.018051
8/14/2017 11:29,17784,42.28877,-71.018051
8/14/2017 11:59,17784,42.28877,-71.018051
8/14/2017 12:29,17784,42.28877,-71.018051
8/14/2017 12:59,17784,42.28877,-71.018051
8/14/2017 13:29,17784,42.29009,-71.00569
8/14/2017 13:59,17784,42.29009,-71.00569
8/14/2017 14:29,17784,42.29009,-71.00569
8/14/2017 14:59,17784,42.29009,-71.00569
8/14/2017 15:29,17784,42.28899,-71.0159908333333
8/14/2017 15:59,17784,42.2889585714286,-71.0162851428571
8/14/2017 16:29,17784,42.28877,-71.018051
8/14/2017 16:59,17784,42.28877,-71.018051
8/14/2017 17:29,17784,42.28877,-71.018051
8/14/2017 17:59,17784,42.28877,-71.018051
8/14/2017 18:29,17784,42.28877,-71.018051
8/14/2017 18:59,17784,42.2888642857143,-71.0171680714286
8/14/2017 19:29,17784,42.288935,-71.016505875
8/14/2017 19:59,17784,42.28877,-71.018051
8/14/2017 20:29,17784,42.28877,-71.018051
8/14/2017 20:59,17784,42.2884313333333,-71.0163162
8/14/2017 21:29,17784,42.28749,-71.0153188
8/14/2017 21:59,17784,42.28557,-71.0112205
8/14/2017 22:29,17784,42.2866366666667,-71.0134973333333
8/14/2017 22:59,17784,42.28749,-71.0153188
8/14/2017 23:29,17784,42.2845033333333,-71.0089436666667
8/14/2017 23:59,17784,42.28237,-71.00439
8/15/2017 0:29,17784,42.2785,-70.99009
8/15/2017 1:59,17784,42.2785,-70.99009
8/15/2017 2:29,17784,42.2785,-70.99009
8/15/2017 2:59,17784,42.2785,-70.99009
8/15/2017 3:29,17784,42.2785,-70.99009
8/15/2017 3:59,17784,42.2785,-70.99009
8/15/2017 4:29,17784,42.2785,-70.99009
8/15/2017 4:59,17784,42.2785,-70.99009
8/15/2017 5:29,17784,42.2785,-70.99009
8/15/2017 5:59,17784,42.2785,-70.99009
8/15/2017 7:29,17784,42.2785,-70.99009
8/15/2017 7:59,17784,42.2785,-70.99009
8/15/2017 8:29,17784,42.27995125,-70.9954525
8/15/2017 8:59,17784,42.28237,-71.00439
8/15/2017 9:29,17784,42.2875,-71.0115455
8/15/2017 9:59,17784,42.2888715384615,-71.0171001538462
8/15/2017 10:29,17784,42.28877,-71.018051
8/15/2017 10:59,17784,42.28877,-71.018051
8/15/2017 11:29,17784,42.28877,-71.018051
8/15/2017 11:59,17784,42.28877,-71.018051
8/15/2017 12:29,17784,42.28877,-71.018051
8/15/2017 12:59,17784,42.28877,-71.018051
8/15/2017 13:29,17784,42.28877,-71.018051
8/15/2017 13:59,17784,42.28877,-71.018051
8/15/2017 14:29,17784,42.28877,-71.018051
8/15/2017 15:59,17784,42.28877,-71.018051
8/15/2017 16:29,17784,42.28877,-71.018051
8/15/2017 16:59,17784,42.28877,-71.018051
8/15/2017 17:29,17784,42.28877,-71.018051
8/15/2017 17:59,17784,42.28877,-71.018051
8/15/2017 18:29,17784,42.28877,-71.018051
8/15/2017 18:59,17784,42.28877,-71.018051
8/15/2017 19:29,17784,42.28877,-71.018051
8/15/2017 19:59,17784,42.28877,-71.018051
8/15/2017 20:29,17784,42.28877,-71.018051
8/15/2017 20:59,17784,42.28877,-71.018051
8/15/2017 21:29,17784,42.28877,-71.018051
8/15/2017 21:59,17784,42.28877,-71.018051
8/15/2017 22:29,17784,42.28877,-71.018051
8/15/2017 23:29,17784,42.28877,-71.018051
8/15/2017 23:59,17784,42.28877,-71.018051
8/16/2017 0:29,17784,42.28877,-71.018051
8/16/2017 0:59,17784,42.28877,-71.018051
8/16/2017 1:29,17784,42.28877,-71.018051
8/16/2017 2:29,17784,42.2843,-71.004715
8/16/2017 2:59,17784,42.28237,-71.00439
8/16/2017 3:29,17784,42.2785,-70.99009
8/16/2017 3:59,17784,42.2785,-70.99009
8/16/2017 4:29,17784,42.2785,-70.99009
8/16/2017 4:59,17784,42.2785,-70.99009
8/16/2017 5:29,17784,42.2785,-70.99009
8/16/2017 5:59,17784,42.2790953846154,-70.99229
8/16/2017 6:29,17784,42.28237,-71.00439
8/16/2017 6:59,17784,42.2849330769231,-71.0086933846154
8/16/2017 7:29,17784,42.28877,-71.018051
8/16/2017 7:59,17784,42.28877,-71.018051
8/16/2017 8:29,17784,42.28877,-71.018051
8/16/2017 13:59,17784,42.28877,-71.018051
8/16/2017 14:29,17784,42.28877,-71.018051
8/16/2017 14:59,17784,42.28877,-71.018051
8/16/2017 15:29,17784,42.28877,-71.018051
8/16/2017 17:29,17784,42.28877,-71.018051
8/16/2017 18:59,17784,42.28877,-71.018051
8/16/2017 19:29,17784,42.28877,-71.018051
8/16/2017 19:59,17784,42.2873477777778,-71.0150152222222
8/16/2017 20:29,17784,42.28877,-71.018051
8/16/2017 20:59,17784,42.28877,-71.018051
8/16/2017 21:29,17784,42.2883,-71.013253125
8/16/2017 21:59,17784,42.28749,-71.0153188
8/16/2017 22:29,17784,42.28877,-71.018051
8/16/2017 22:59,17784,42.28877,-71.018051
8/16/2017 23:29,17784,42.28877,-71.018051
8/16/2017 23:59,17784,42.28237,-71.00439
8/17/2017 0:29,17784,42.2785,-70.99009
8/17/2017 0:59,17784,42.2785,-70.99009
8/17/2017 3:29,17784,42.2785,-70.99009
8/17/2017 3:59,17784,42.2785,-70.99009
8/17/2017 4:29,17784,42.2785,-70.99009
8/17/2017 4:59,17784,42.2785,-70.99009
8/17/2017 5:29,17784,42.2785,-70.99009
8/17/2017 5:59,17784,42.2785,-70.99009
8/17/2017 6:29,17784,42.2785,-70.99009
8/17/2017 6:59,17784,42.2785,-70.99009
8/17/2017 7:29,17784,42.2785,-70.99009
8/17/2017 7:59,17784,42.2785,-70.99009
8/17/2017 8:29,17784,42.2816645454545,-70.9993081818182
8/17/2017 8:59,17784,42.284686,-71.00478
8/17/2017 9:29,17784,42.2861214285714,-71.0113133571429
8/17/2017 9:59,17784,42.28685,-71.0139527
8/17/2017 10:29,17784,42.2868525,-71.013009375
8/17/2017 10:59,17784,42.2886175,-71.0148795
8/17/2017 11:29,17784,42.28877,-71.018051
8/17/2017 11:59,17784,42.28877,-71.018051
8/17/2017 12:29,17784,42.28877,-71.018051
8/17/2017 12:59,17784,42.2882776923077,-71.0170001538462
8/17/2017 13:29,17784,42.2882776923077,-71.0170001538462
8/17/2017 13:59,17784,42.28877,-71.018051
8/17/2017 14:29,17784,42.28877,-71.018051
8/17/2017 14:59,17784,42.2882366666667,-71.0169125833333
8/17/2017 15:29,17784,42.2860271428571,-71.0121962857143
8/17/2017 15:59,17784,42.28237,-71.00439
8/17/2017 16:29,17784,42.28237,-71.00439
8/17/2017 16:59,17784,42.2820723076923,-71.00329
8/17/2017 17:29,17784,42.2785,-70.99009
8/17/2017 17:59,17784,42.2785,-70.99009
8/17/2017 18:29,17784,42.2785,-70.99009
8/17/2017 18:59,17784,42.2785,-70.99009
8/17/2017 19:29,17784,42.2785,-70.99009
8/17/2017 19:59,17784,42.2785,-70.99009
8/17/2017 20:59,17784,42.2785,-70.99009
8/17/2017 21:29,17784,42.2785,-70.99009
8/17/2017 22:29,17784,42.2785,-70.99009
8/18/2017 3:59,17784,42.2785,-70.99009
8/18/2017 4:29,17784,42.2785,-70.99009
8/18/2017 4:59,17784,42.2785,-70.99009
8/18/2017 5:29,17784,42.2785,-70.99009
8/18/2017 5:59,17784,42.2785,-70.99009
8/18/2017 6:29,17784,42.2785,-70.99009
8/18/2017 6:59,17784,42.2785,-70.99009
8/18/2017 7:29,17784,42.2785,-70.99009
8/18/2017 7:59,17784,42.2785,-70.99009
8/18/2017 8:29,17784,42.2785,-70.99009
8/18/2017 8:59,17784,42.2785,-70.99009
8/18/2017 9:29,17784,42.2785,-70.99009
8/18/2017 9:59,17784,42.2785,-70.99009
8/18/2017 10:29,17784,42.2785,-70.99009
8/18/2017 11:29,17784,42.2785,-70.99009
8/18/2017 11:59,17784,42.2785,-70.99009
8/18/2017 12:29,17784,42.2785,-70.99009
8/18/2017 12:59,17784,42.2785,-70.99009
8/18/2017 18:59,17784,42.2785,-70.99009
8/18/2017 22:29,17784,42.2785,-70.99009
8/18/2017 22:59,17784,42.2785,-70.99009
8/18/2017 23:29,17784,42.2785,-70.99009
8/19/2017 0:29,17784,42.2785,-70.99009
8/19/2017 0:59,17784,42.2785,-70.99009
8/19/2017 1:29,17784,42.27936,-70.9932677777778
8/19/2017 1:59,17784,42.2798821428571,-70.9951971428571
8/19/2017 2:29,17784,42.282610625,-71.0035775
8/19/2017 2:59,17784,42.28237,-71.00439
8/19/2017 3:29,17784,42.28621,-71.0125866
8/19/2017 3:59,17784,42.28877,-71.018051
8/19/2017 4:29,17784,42.28877,-71.018051
8/19/2017 4:59,17784,42.28877,-71.018051
8/19/2017 5:29,17784,42.29009,-71.00569
8/19/2017 5:59,17784,42.29009,-71.00569
8/19/2017 6:29,17784,42.29009,-71.00569
8/19/2017 6:59,17784,42.29009,-71.00569
8/19/2017 7:29,17784,42.29009,-71.00569
8/19/2017 7:59,17784,42.29009,-71.00569
8/19/2017 8:29,17784,42.28877,-71.018051
8/19/2017 8:59,17784,42.28877,-71.018051
8/19/2017 9:29,17784,42.288858,-71.0172269333333
8/19/2017 9:59,17784,42.28877,-71.018051
8/19/2017 10:29,17784,42.2889166666667,-71.0166775555556
8/19/2017 10:59,17784,42.28877,-71.018051
8/19/2017 11:29,17784,42.28877,-71.018051
8/19/2017 11:59,17784,42.289034,-71.0155788
8/19/2017 12:29,17784,42.2888642857143,-71.0171680714286
8/19/2017 12:59,17784,42.2888525,-71.0172784375
8/19/2017 13:29,17784,42.28877,-71.018051
8/19/2017 13:59,17784,42.2889730769231,-71.0161493076923
8/19/2017 14:29,17784,42.28877,-71.018051
8/19/2017 14:59,17784,42.28877,-71.018051
8/19/2017 15:29,17784,42.28877,-71.018051
8/19/2017 15:59,17784,42.28877,-71.018051
8/19/2017 16:29,17784,42.28877,-71.018051
8/19/2017 16:59,17784,42.28877,-71.018051
8/19/2017 17:29,17784,42.28877,-71.018051
8/19/2017 20:29,17784,42.28877,-71.018051
8/19/2017 20:59,17784,42.28877,-71.018051
8/19/2017 21:29,17784,42.28877,-71.018051
8/19/2017 21:59,17784,42.2882776923077,-71.0170001538462
8/19/2017 22:29,17784,42.28877,-71.018051
8/19/2017 22:59,17784,42.28877,-71.018051
8/19/2017 23:29,17784,42.28877,-71.018051
8/19/2017 23:59,17784,42.28877,-71.018051
8/20/2017 0:29,17784,42.28317,-71.006097625
8/20/2017 0:59,17784,42.2805368421053,-70.9976163157895
8/20/2017 1:29,17784,42.2785,-70.99009
8/20/2017 1:59,17784,42.2785,-70.99009
8/20/2017 3:59,17784,42.2785,-70.99009
8/20/2017 4:29,17784,42.2785,-70.99009
8/20/2017 4:59,17784,42.2785,-70.99009
8/20/2017 5:29,17784,42.2785,-70.99009
8/20/2017 5:59,17784,42.2785,-70.99009
8/20/2017 6:29,17784,42.2785,-70.99009
8/20/2017 6:59,17784,42.2785,-70.99009
8/20/2017 7:29,17784,42.2785,-70.99009
8/20/2017 7:59,17784,42.2785,-70.99009
8/20/2017 8:29,17784,42.2785,-70.99009
8/20/2017 8:59,17784,42.278758,-70.9910433333333
8/20/2017 9:29,17784,42.2785,-70.99009
8/20/2017 9:59,17784,42.2785,-70.99009
8/20/2017 10:29,17784,42.2785,-70.99009
8/20/2017 10:59,17784,42.2785,-70.99009
8/20/2017 11:29,17784,42.2785,-70.99009
8/20/2017 11:59,17784,42.2785,-70.99009
8/20/2017 12:29,17784,42.2785,-70.99009
8/20/2017 12:59,17784,42.2785,-70.99009
8/20/2017 13:29,17784,42.2785,-70.99009
8/20/2017 13:59,17784,42.2785,-70.99009
8/20/2017 14:29,17784,42.2785,-70.99009
8/20/2017 14:59,17784,42.2785,-70.99009
8/20/2017 15:29,17784,42.2785,-70.99009
8/20/2017 15:59,17784,42.279145,-70.9924733333333
8/20/2017 22:59,17784,42.2785,-70.99009
8/21/2017 0:59,17784,42.2785,-70.99009
8/21/2017 1:29,17784,42.2785,-70.99009
8/21/2017 1:59,17784,42.2785,-70.99009
8/21/2017 2:29,17784,42.2785,-70.99009
8/21/2017 2:59,17784,42.2785,-70.99009
8/21/2017 3:29,17784,42.2785,-70.99009
8/21/2017 4:29,17784,42.2785,-70.99009
8/21/2017 4:59,17784,42.279225625,-70.99277125
8/21/2017 5:29,17784,42.2790528571429,-70.9921328571428
8/21/2017 5:59,17784,42.2785,-70.99009
8/21/2017 6:29,17784,42.2785,-70.99009
8/21/2017 6:59,17784,42.2785,-70.99009
8/21/2017 13:29,17784,42.2785,-70.99009
8/21/2017 13:59,17784,42.2785,-70.99009
8/21/2017 14:29,17784,42.2785,-70.99009
8/21/2017 15:29,17784,42.2785,-70.99009
8/21/2017 15:59,17784,42.2785,-70.99009
8/21/2017 16:29,17784,42.2785,-70.99009
8/21/2017 16:59,17784,42.2785,-70.99009
8/21/2017 17:29,17784,42.2785,-70.99009
8/21/2017 19:29,17784,42.2785,-70.99009
8/21/2017 19:59,17784,42.2785,-70.99009
8/21/2017 20:29,17784,42.2785,-70.99009
8/21/2017 20:59,17784,42.2785,-70.99009
8/21/2017 21:29,17784,42.2785,-70.99009
8/21/2017 21:59,17784,42.2785,-70.99009
8/21/2017 22:29,17784,42.2785,-70.99009
8/21/2017 23:59,17784,42.2785,-70.99009
8/22/2017 0:29,17784,42.2785,-70.99009
8/22/2017 5:59,17784,42.2785,-70.99009
8/22/2017 6:29,17784,42.2785,-70.99009
8/22/2017 6:59,17784,42.280435,-70.99724
8/22/2017 7:29,17784,42.28237,-71.00439
8/22/2017 7:59,17784,42.28237,-71.00439
8/22/2017 8:29,17784,42.2785,-70.99009
8/22/2017 8:59,17784,42.2785,-70.99009
8/22/2017 9:29,17784,42.2785,-70.99009
8/22/2017 9:59,17784,42.2785,-70.99009
8/22/2017 10:29,17784,42.2785,-70.99009
8/22/2017 10:59,17784,42.2785,-70.99009
8/22/2017 11:29,17784,42.2785,-70.99009
8/22/2017 12:29,17784,42.2785,-70.99009
8/22/2017 12:59,17784,42.2785,-70.99009
8/22/2017 13:29,17784,42.2785,-70.99009
8/22/2017 15:59,17784,42.2785,-70.99009
8/22/2017 16:29,17784,42.2785,-70.99009
8/22/2017 16:59,17784,42.2785,-70.99009
8/22/2017 17:29,17784,42.2785,-70.99009
8/22/2017 18:29,17784,42.2785,-70.99009
8/23/2017 2:59,17784,42.2785,-70.99009
8/23/2017 4:59,17784,42.2785,-70.99009
8/23/2017 5:59,17784,42.2785,-70.99009
8/23/2017 6:29,17784,42.2785,-70.99009
8/23/2017 7:59,17784,42.2785,-70.99009
8/23/2017 8:29,17784,42.2785,-70.99009
8/23/2017 8:59,17784,42.2785,-70.99009
8/23/2017 9:29,17784,42.2785,-70.99009
8/23/2017 9:59,17784,42.2785,-70.99009
8/23/2017 10:29,17784,42.2785,-70.99009
8/23/2017 10:59,17784,42.2785,-70.99009
8/23/2017 11:29,17784,42.2785,-70.99009
8/23/2017 11:59,17784,42.2785,-70.99009
8/23/2017 12:29,17784,42.2785,-70.99009
8/23/2017 12:59,17784,42.2785,-70.99009
8/23/2017 13:29,17784,42.2785,-70.99009
8/24/2017 7:59,17784,42.2785,-70.99009
8/24/2017 8:29,17784,42.2785,-70.99009
8/24/2017 8:59,17784,42.2785,-70.99009
8/24/2017 9:29,17784,42.2785,-70.99009
8/24/2017 9:59,17784,42.2785,-70.99009
8/24/2017 10:29,17784,42.2785,-70.99009
8/24/2017 10:59,17784,42.2785,-70.99009
8/24/2017 11:29,17784,42.2785,-70.99009
8/24/2017 11:59,17784,42.2785,-70.99009
8/24/2017 12:29,17784,42.2785,-70.99009
8/24/2017 12:59,17784,42.2785,-70.99009
8/24/2017 13:29,17784,42.2785,-70.99009
8/24/2017 15:29,17784,42.2785,-70.99009
8/24/2017 15:59,17784,42.2785,-70.99009
8/24/2017 17:29,17784,42.2785,-70.99009
8/24/2017 17:59,17784,42.2785,-70.99009
8/24/2017 18:29,17784,42.2785,-70.99009
8/24/2017 18:59,17784,42.2785,-70.99009
8/24/2017 22:29,17784,42.2785,-70.99009
8/24/2017 22:59,17784,42.2785,-70.99009
8/24/2017 23:29,17784,42.2785,-70.99009
8/24/2017 23:59,17784,42.2785,-70.99009
8/25/2017 0:29,17784,42.2785,-70.99009
8/25/2017 0:59,17784,42.2785,-70.99009
8/25/2017 1:29,17784,42.28237,-71.00439
8/25/2017 1:59,17784,42.280435,-70.99724
8/25/2017 2:29,17784,42.2785,-70.99009
8/25/2017 2:59,17784,42.2785,-70.99009
8/25/2017 3:29,17784,42.2785,-70.99009
8/25/2017 3:59,17784,42.2785,-70.99009
8/25/2017 4:29,17784,42.2785,-70.99009
8/25/2017 4:59,17784,42.2790528571429,-70.9921328571428
8/25/2017 5:29,17784,42.2791829411765,-70.9926135294118
8/25/2017 5:59,17784,42.2796907692308,-70.99449
8/25/2017 6:29,17784,42.28108,-70.9996233333333
8/25/2017 6:59,17784,42.28237,-71.00439
8/25/2017 7:29,17784,42.28237,-71.00439
8/25/2017 7:59,17784,42.28237,-71.00439
8/25/2017 8:29,17784,42.2790528571429,-70.9921328571428
8/25/2017 8:59,17784,42.2785,-70.99009
8/25/2017 9:29,17784,42.2785,-70.99009
8/25/2017 9:59,17784,42.2785,-70.99009
8/25/2017 10:29,17784,42.2785,-70.99009
8/25/2017 10:59,17784,42.2785,-70.99009
8/25/2017 11:29,17784,42.279145,-70.9924733333333
8/25/2017 11:59,17784,42.2801585714286,-70.9962185714286
8/25/2017 12:29,17784,42.2799072727273,-70.99529
8/25/2017 12:59,17784,42.280048,-70.99581
8/25/2017 13:29,17784,42.28237,-71.00439
8/25/2017 13:59,17784,42.2845904545455,-71.0047155
8/25/2017 14:29,17784,42.28677,-71.0057932105263
8/25/2017 14:59,17784,42.286738,-71.0076422
8/25/2017 15:29,17784,42.2875,-71.0115455
8/25/2017 15:59,17784,42.2875747058823,-71.0119281764706
8/25/2017 16:29,17784,42.287622,-71.0140827
8/25/2017 16:59,17784,42.28749,-71.0153188
8/25/2017 17:29,17784,42.2850366666667,-71.0100820833333
8/25/2017 17:59,17784,42.28557,-71.0112205
8/25/2017 18:29,17784,42.2883522222222,-71.0137862222222
8/25/2017 18:59,17784,42.28549,-71.006713
8/25/2017 19:29,17784,42.28237,-71.00439
8/25/2017 19:59,17784,42.28493,-71.0098544
8/25/2017 20:29,17784,42.28317,-71.006097625
8/25/2017 20:59,17784,42.2818171428571,-71.0023471428571
8/25/2017 21:29,17784,42.2785,-70.99009
8/25/2017 21:59,17784,42.2785,-70.99009
8/25/2017 22:29,17784,42.2785,-70.99009
8/25/2017 22:59,17784,42.2785,-70.99009
8/25/2017 23:29,17784,42.2785,-70.99009
8/25/2017 23:59,17784,42.2785,-70.99009
8/26/2017 0:29,17784,42.2785,-70.99009
8/26/2017 0:59,17784,42.2785,-70.99009
8/26/2017 1:29,17784,42.2785,-70.99009
8/26/2017 1:59,17784,42.2785,-70.99009
8/26/2017 2:29,17784,42.2785,-70.99009
8/26/2017 2:59,17784,42.2785,-70.99009
8/26/2017 3:29,17784,42.2785,-70.99009
8/26/2017 3:59,17784,42.2785,-70.99009
8/26/2017 4:29,17784,42.2785,-70.99009
8/26/2017 4:59,17784,42.2785,-70.99009
8/26/2017 5:29,17784,42.2785,-70.99009
8/26/2017 6:29,17784,42.2785,-70.99009
8/26/2017 6:59,17784,42.2785,-70.99009
8/26/2017 7:29,17784,42.2785,-70.99009
8/26/2017 7:59,17784,42.2785,-70.99009
8/26/2017 8:29,17784,42.2785,-70.99009
8/26/2017 8:59,17784,42.2785,-70.99009
8/26/2017 9:29,17784,42.2785,-70.99009
8/26/2017 9:59,17784,42.2785,-70.99009
8/26/2017 10:29,17784,42.2794675,-70.993665
8/26/2017 10:59,17784,42.2788518181818,-70.99139
8/26/2017 11:29,17784,42.28237,-71.00439
8/26/2017 11:59,17784,42.28237,-71.00439
8/26/2017 12:29,17784,42.2829638461538,-71.00449
8/26/2017 12:59,17784,42.2836566666667,-71.0046066666667
8/26/2017 13:29,17784,42.2875166666667,-71.0052566666667
8/26/2017 13:59,17784,42.29009,-71.00569
8/26/2017 14:29,17784,42.2893357142857,-71.0127534285714
8/26/2017 14:59,17784,42.28877,-71.018051
8/26/2017 15:29,17784,42.2891,-71.01496075
8/26/2017 15:59,17784,42.289034,-71.0155788
8/26/2017 16:29,17784,42.28877,-71.018051
8/26/2017 16:59,17784,42.28877,-71.018051
8/26/2017 17:29,17784,42.28877,-71.018051
8/26/2017 17:59,17784,42.28877,-71.018051
8/26/2017 18:29,17784,42.28877,-71.018051
8/26/2017 18:59,17784,42.28877,-71.018051
8/26/2017 19:29,17784,42.28877,-71.018051
8/26/2017 19:59,17784,42.28877,-71.018051
8/26/2017 20:29,17784,42.28877,-71.018051
8/26/2017 20:59,17784,42.28877,-71.018051
8/26/2017 21:29,17784,42.28877,-71.018051
8/26/2017 21:59,17784,42.28237,-71.00439
8/26/2017 22:29,17784,42.28237,-71.00439
8/26/2017 22:59,17784,42.2785,-70.99009
8/26/2017 23:29,17784,42.2785,-70.99009
8/26/2017 23:59,17784,42.2785,-70.99009
8/27/2017 0:29,17784,42.2785,-70.99009
8/27/2017 0:59,17784,42.2785,-70.99009
8/27/2017 1:29,17784,42.2785,-70.99009
8/27/2017 1:59,17784,42.2785,-70.99009
8/27/2017 2:29,17784,42.2785,-70.99009
8/27/2017 2:59,17784,42.2785,-70.99009
8/27/2017 3:29,17784,42.2785,-70.99009
8/27/2017 3:59,17784,42.2785,-70.99009
8/27/2017 4:29,17784,42.2785,-70.99009
8/27/2017 4:59,17784,42.2785,-70.99009
8/27/2017 5:29,17784,42.2785,-70.99009
8/27/2017 5:59,17784,42.2785,-70.99009
8/27/2017 6:29,17784,42.2785,-70.99009
8/27/2017 6:59,17784,42.2785,-70.99009
8/27/2017 7:29,17784,42.2785,-70.99009
8/27/2017 7:59,17784,42.2787976923077,-70.99119
8/27/2017 8:29,17784,42.278758,-70.9910433333333
8/27/2017 8:59,17784,42.28108,-70.9996233333333
8/27/2017 9:29,17784,42.2836547058824,-71.0053465294118
8/27/2017 9:59,17784,42.2881225925926,-71.0104852222222
8/27/2017 10:29,17784,42.2891825,-71.0141881875
8/27/2017 10:59,17784,42.2893439130435,-71.0126766521739
8/27/2017 11:29,17784,42.28931,-71.0129942272727
8/27/2017 11:59,17784,42.2887817647059,-71.0136118235294
8/27/2017 12:29,17784,42.2890528571429,-71.0154022142857
8/27/2017 12:59,17784,42.289826,-71.0081622
8/27/2017 13:29,17784,42.29009,-71.00569
8/27/2017 13:59,17784,42.29009,-71.00569
8/27/2017 14:29,17784,42.29009,-71.00569
8/27/2017 14:59,17784,42.2891471428571,-71.0145192857143
8/27/2017 15:29,17784,42.2891761538462,-71.0142476153846
8/27/2017 15:59,17784,42.288935,-71.016505875
8/27/2017 16:29,17784,42.28877,-71.018051
8/27/2017 16:59,17784,42.28877,-71.018051
8/27/2017 17:29,17784,42.28877,-71.018051
8/27/2017 17:59,17784,42.28877,-71.018051
8/27/2017 18:29,17784,42.28877,-71.018051
8/27/2017 18:59,17784,42.28877,-71.018051
8/27/2017 19:29,17784,42.28877,-71.018051
8/27/2017 19:59,17784,42.28877,-71.018051
8/27/2017 20:29,17784,42.28877,-71.018051
8/27/2017 20:59,17784,42.28877,-71.018051
8/27/2017 21:29,17784,42.28877,-71.018051
8/27/2017 21:59,17784,42.28877,-71.018051
8/27/2017 22:29,17784,42.28877,-71.018051
8/27/2017 22:59,17784,42.28877,-71.018051
8/27/2017 23:29,17784,42.28877,-71.018051
8/27/2017 23:59,17784,42.28877,-71.018051
8/28/2017 0:29,17784,42.28877,-71.018051
8/28/2017 0:59,17784,42.28877,-71.018051
8/28/2017 1:29,17784,42.28813,-71.0166849
8/28/2017 2:59,17784,42.289298,-71.0131066
8/28/2017 3:29,17784,42.2892414285714,-71.0136363571429
8/28/2017 3:59,17784,42.28899,-71.0159908333333
8/28/2017 4:29,17784,42.2883935294118,-71.0172474117647
8/28/2017 4:59,17784,42.2890746153846,-71.0151984615385
8/28/2017 5:29,17784,42.2890746153846,-71.0151984615385
8/28/2017 5:59,17784,42.2890805882353,-71.0151425294118
8/28/2017 6:29,17784,42.288946,-71.0164028666667
8/28/2017 6:59,17784,42.289166,-71.0143427
8/28/2017 7:29,17784,42.2885611111111,-71.0159186111111
8/28/2017 7:59,17784,42.28877,-71.018051
8/28/2017 8:29,17784,42.288946,-71.0164028666667
8/28/2017 8:59,17784,42.2889252941176,-71.0165967647059
8/28/2017 9:29,17784,42.28877,-71.018051
8/28/2017 9:59,17784,42.28877,-71.018051
8/28/2017 10:29,17784,42.28877,-71.018051
8/28/2017 10:59,17784,42.28877,-71.018051
8/28/2017 11:29,17784,42.28877,-71.018051
8/28/2017 11:59,17784,42.28877,-71.018051
8/28/2017 12:29,17784,42.28877,-71.018051
8/28/2017 12:59,17784,42.28877,-71.018051
8/28/2017 13:29,17784,42.28877,-71.018051
8/28/2017 13:59,17784,42.28877,-71.018051
8/28/2017 14:59,17784,42.29009,-71.00569
8/28/2017 15:29,17784,42.2892563157895,-71.0134969473684
8/28/2017 15:59,17784,42.28877,-71.018051
8/28/2017 16:29,17784,42.28877,-71.018051
8/28/2017 16:59,17784,42.28877,-71.018051
8/28/2017 17:59,17784,42.28877,-71.018051
8/28/2017 18:29,17784,42.28877,-71.018051
8/28/2017 18:59,17784,42.28877,-71.018051
8/28/2017 19:29,17784,42.288902,-71.0168149
8/28/2017 19:59,17784,42.28877,-71.018051
8/28/2017 20:29,17784,42.28888,-71.0170209166667
8/28/2017 20:59,17784,42.28877,-71.018051
8/28/2017 21:29,17784,42.28877,-71.018051
8/28/2017 21:59,17784,42.28877,-71.018051
8/28/2017 22:29,17784,42.28877,-71.018051
8/28/2017 22:59,17784,42.28877,-71.018051
8/28/2017 23:29,17784,42.28877,-71.018051
8/29/2017 3:59,17784,42.28877,-71.018051
8/29/2017 4:29,17784,42.2883128571429,-71.0170752142857
8/29/2017 4:59,17784,42.28877,-71.018051
8/29/2017 5:29,17784,42.28877,-71.018051
8/29/2017 5:59,17784,42.2872393333333,-71.0127599333333
8/29/2017 6:29,17784,42.288262,-71.0154488
8/29/2017 6:59,17784,42.2864427272727,-71.0130833636364
8/29/2017 7:29,17784,42.28877,-71.018051
8/29/2017 7:59,17784,42.28877,-71.018051
8/29/2017 8:29,17784,42.28877,-71.018051
8/29/2017 8:59,17784,42.28877,-71.018051
8/29/2017 9:29,17784,42.2890175,-71.0157333125
8/29/2017 9:59,17784,42.289034,-71.0155788
8/29/2017 10:29,17784,42.28877,-71.018051
8/29/2017 10:59,17784,42.28877,-71.018051
8/29/2017 11:29,17784,42.28877,-71.018051
8/29/2017 11:59,17784,42.28877,-71.018051
8/29/2017 12:29,17784,42.28877,-71.018051
8/29/2017 12:59,17784,42.288858,-71.0172269333333
8/29/2017 13:29,17784,42.28877,-71.018051
8/29/2017 13:59,17784,42.28877,-71.018051
8/29/2017 14:29,17784,42.28877,-71.018051
8/29/2017 14:59,17784,42.28877,-71.018051
8/29/2017 15:29,17784,42.28877,-71.018051
8/29/2017 15:59,17784,42.28877,-71.018051
8/29/2017 16:29,17784,42.28877,-71.018051
8/29/2017 16:59,17784,42.28877,-71.018051
8/29/2017 17:29,17784,42.28877,-71.018051
8/29/2017 17:59,17784,42.28877,-71.018051
8/29/2017 18:29,17784,42.28877,-71.018051
8/29/2017 18:59,17784,42.28877,-71.018051
8/29/2017 19:29,17784,42.28877,-71.018051
8/29/2017 19:59,17784,42.28877,-71.018051
8/29/2017 20:29,17784,42.28877,-71.018051
8/29/2017 20:59,17784,42.289034,-71.0155788
8/29/2017 21:29,17784,42.28877,-71.018051
8/29/2017 21:59,17784,42.28877,-71.018051
8/29/2017 22:29,17784,42.28877,-71.018051
8/29/2017 22:59,17784,42.28877,-71.018051
8/29/2017 23:29,17784,42.28877,-71.018051
8/29/2017 23:59,17784,42.28877,-71.018051
8/30/2017 0:29,17784,42.28877,-71.018051
8/30/2017 0:59,17784,42.28877,-71.018051
8/30/2017 1:29,17784,42.28877,-71.018051
8/30/2017 1:59,17784,42.28877,-71.018051
8/30/2017 2:29,17784,42.2888642857143,-71.0171680714286
8/30/2017 2:59,17784,42.289034,-71.0155788
8/30/2017 3:29,17784,42.2888433333333,-71.0173642777778
8/30/2017 3:59,17784,42.2888642857143,-71.0171680714286
8/30/2017 4:29,17784,42.2888715384615,-71.0171001538462
8/30/2017 4:59,17784,42.2888715384615,-71.0171001538462
8/30/2017 5:29,17784,42.28877,-71.018051
8/30/2017 5:59,17784,42.28877,-71.018051
8/30/2017 6:29,17784,42.28965,-71.0098103333333
8/30/2017 7:29,17784,42.28877,-71.018051
8/30/2017 7:59,17784,42.28877,-71.018051
8/30/2017 8:29,17784,42.28877,-71.018051
8/30/2017 8:59,17784,42.28877,-71.018051
8/30/2017 9:29,17784,42.28877,-71.018051
8/30/2017 9:59,17784,42.288902,-71.0168149
8/30/2017 10:29,17784,42.28877,-71.018051
8/30/2017 10:59,17784,42.28877,-71.018051
8/30/2017 11:29,17784,42.28877,-71.018051
8/30/2017 11:59,17784,42.28877,-71.018051
8/30/2017 12:29,17784,42.28877,-71.018051
8/30/2017 12:59,17784,42.28877,-71.018051
8/30/2017 13:29,17784,42.28877,-71.018051
8/30/2017 13:59,17784,42.28877,-71.018051
8/30/2017 14:29,17784,42.289474,-71.0114584666667
8/30/2017 14:59,17784,42.289166,-71.0143427
8/30/2017 15:29,17784,42.2887086666667,-71.0088129333333
8/30/2017 15:59,17784,42.2853935294118,-71.0063795294118
8/30/2017 16:29,17784,42.2838175,-71.00463375
8/30/2017 16:59,17784,42.2828846666667,-71.0044766666667
8/30/2017 17:29,17784,42.2836566666667,-71.0046066666667
8/30/2017 17:59,17784,42.28237,-71.00439
8/30/2017 18:29,17784,42.28237,-71.00439
8/30/2017 18:59,17784,42.28237,-71.00439
8/30/2017 19:29,17784,42.2828846666667,-71.0044766666667
8/30/2017 19:59,17784,42.2828846666667,-71.0044766666667
8/30/2017 20:29,17784,42.28237,-71.00439
8/30/2017 20:59,17784,42.28237,-71.00439
8/30/2017 21:29,17784,42.28022,-70.9964455555556
8/30/2017 21:59,17784,42.279016,-70.9919966666667
8/30/2017 22:29,17784,42.27898375,-70.9918775
8/30/2017 22:59,17784,42.2785,-70.99009
8/30/2017 23:29,17784,42.2785,-70.99009
8/30/2017 23:59,17784,42.2794675,-70.993665
8/31/2017 0:29,17784,42.28237,-71.00439
8/31/2017 0:59,17784,42.28237,-71.00439
8/31/2017 1:29,17784,42.2845033333333,-71.0089436666667
8/31/2017 1:59,17784,42.28877,-71.018051
8/31/2017 2:29,17784,42.28877,-71.018051
8/31/2017 2:59,17784,42.28877,-71.018051
8/31/2017 3:29,17784,42.28877,-71.018051
8/31/2017 3:59,17784,42.28877,-71.018051
8/31/2017 4:29,17784,42.28877,-71.018051
8/31/2017 4:59,17784,42.2888525,-71.0172784375
8/31/2017 5:29,17784,42.2888715384615,-71.0171001538462
8/31/2017 5:59,17784,42.288858,-71.0172269333333
8/31/2017 6:29,17784,42.28877,-71.018051
8/31/2017 6:59,17784,42.2888642857143,-71.0171680714286
8/31/2017 7:29,17784,42.2889252941176,-71.0165967647059
8/31/2017 7:59,17784,42.28877,-71.018051
8/31/2017 8:29,17784,42.288935,-71.016505875
8/31/2017 8:59,17784,42.2888642857143,-71.0171680714286
8/31/2017 9:29,17784,42.28899,-71.0159908333333
8/31/2017 9:59,17784,42.28877,-71.018051
8/31/2017 10:29,17784,42.2888715384615,-71.0171001538462
8/31/2017 10:59,17784,42.288946,-71.0164028666667
8/31/2017 11:29,17784,42.289034,-71.0155788
8/31/2017 11:59,17784,42.288935,-71.016505875
8/31/2017 12:29,17784,42.28877,-71.018051
8/31/2017 12:59,17784,42.28877,-71.018051
8/31/2017 13:29,17784,42.28877,-71.018051
8/31/2017 13:59,17784,42.28877,-71.018051
8/31/2017 14:29,17784,42.28877,-71.018051
8/31/2017 14:59,17784,42.28877,-71.018051
8/31/2017 15:29,17784,42.28877,-71.018051
8/31/2017 16:29,17784,42.28877,-71.018051
8/31/2017 16:59,17784,42.28877,-71.018051
8/31/2017 17:29,17784,42.28877,-71.018051
8/31/2017 20:29,17784,42.28877,-71.018051
8/31/2017 21:29,17784,42.28877,-71.018051
8/31/2017 21:59,17784,42.28877,-71.018051
8/31/2017 22:29,17784,42.28943,-71.0118705
8/31/2017 22:59,17784,42.28237,-71.00439
8/31/2017 23:29,17784,42.28237,-71.00439
8/31/2017 23:59,17784,42.2818171428571,-71.0023471428571
9/1/2017 0:29,17784,42.28237,-71.00439
9/1/2017 0:59,17784,42.28151,-71.0012122222222
9/1/2017 1:29,17784,42.28237,-71.00439
9/1/2017 1:59,17784,42.28237,-71.00439
9/1/2017 5:29,17784,42.2785,-70.99009
9/1/2017 5:59,17784,42.2785,-70.99009
9/1/2017 6:29,17784,42.28237,-71.00439
9/1/2017 6:59,17784,42.28237,-71.00439
9/1/2017 7:29,17784,42.2785,-70.99009
9/1/2017 7:59,17784,42.2785,-70.99009
9/1/2017 14:29,17784,42.2785,-70.99009
9/1/2017 14:59,17784,42.2785,-70.99009
9/1/2017 18:29,17784,42.2785,-70.99009
9/1/2017 18:59,17784,42.2785,-70.99009
9/1/2017 19:29,17784,42.28237,-71.00439
9/1/2017 20:29,17784,42.28877,-71.018051
9/1/2017 20:59,17784,42.28877,-71.018051
9/1/2017 21:29,17784,42.28877,-71.018051
9/1/2017 21:59,17784,42.28877,-71.018051
9/1/2017 22:29,17784,42.28877,-71.018051
9/1/2017 22:59,17784,42.28877,-71.018051
9/1/2017 23:29,17784,42.2889166666667,-71.0166775555556
9/1/2017 23:59,17784,42.2891,-71.01496075
9/2/2017 1:29,17784,42.2785,-70.99009
9/2/2017 1:59,17784,42.2785,-70.99009
9/2/2017 3:29,17784,42.2785,-70.99009
9/2/2017 4:29,17784,42.2785,-70.99009
9/2/2017 4:59,17784,42.2785,-70.99009
9/2/2017 5:29,17784,42.2785,-70.99009
9/2/2017 5:59,17784,42.2785,-70.99009
9/2/2017 6:29,17784,42.2785,-70.99009
9/2/2017 6:59,17784,42.2785,-70.99009
9/2/2017 7:29,17784,42.2785,-70.99009
9/2/2017 7:59,17784,42.27995125,-70.9954525
9/2/2017 8:29,17784,42.284685,-71.003415
9/2/2017 8:59,17784,42.2856117391304,-71.0060300869565
9/2/2017 9:29,17784,42.2876014285714,-71.0079673571429
9/2/2017 9:59,17784,42.2895033333333,-71.0111837777778
9/2/2017 10:29,17784,42.2890633333333,-71.0153041111111
9/2/2017 10:59,17784,42.2890528571429,-71.0154022142857
9/2/2017 11:29,17784,42.28877,-71.018051
9/2/2017 11:59,17784,42.28877,-71.018051
9/2/2017 12:29,17784,42.2888525,-71.0172784375
9/2/2017 12:59,17784,42.28877,-71.018051
9/2/2017 13:29,17784,42.2883128571429,-71.0170752142857
9/2/2017 13:59,17784,42.2888525,-71.0172784375
9/2/2017 14:29,17784,42.2889730769231,-71.0161493076923
9/2/2017 14:59,17784,42.28943,-71.0118705
9/2/2017 15:29,17784,42.2890281818182,-71.008943
9/2/2017 15:59,17784,42.2880546153846,-71.0077671153846
9/2/2017 16:29,17784,42.2899433333333,-71.0070634444444
9/2/2017 16:59,17784,42.2897128571429,-71.0092217142857
9/2/2017 17:29,17784,42.2893475,-71.0126430625
9/2/2017 17:59,17784,42.289298,-71.0131066
9/2/2017 18:29,17784,42.28961,-71.0101849090909
9/2/2017 18:59,17784,42.2896775,-71.0095528125
9/2/2017 19:29,17784,42.2895033333333,-71.0111837777778
9/2/2017 19:59,17784,42.289958,-71.0069261
9/2/2017 20:29,17784,42.29009,-71.00569
9/2/2017 20:59,17784,42.29009,-71.00569
9/2/2017 21:29,17784,42.289125,-71.0055275
9/2/2017 21:59,17784,42.29009,-71.00569
9/2/2017 22:29,17784,42.2828846666667,-71.0044766666667
9/2/2017 22:59,17784,42.278887,-70.99152
9/2/2017 23:29,17784,42.2785,-70.99009
9/2/2017 23:59,17784,42.2785,-70.99009
9/3/2017 0:29,17784,42.2785,-70.99009
9/3/2017 0:59,17784,42.2785,-70.99009
9/3/2017 1:29,17784,42.2785,-70.99009
9/3/2017 2:29,17784,42.2785,-70.99009
9/3/2017 2:59,17784,42.2785,-70.99009
9/3/2017 4:59,17784,42.2785,-70.99009
9/3/2017 5:29,17784,42.2785,-70.99009
9/3/2017 5:59,17784,42.2785,-70.99009
9/3/2017 6:29,17784,42.2785,-70.99009
9/3/2017 6:59,17784,42.2785,-70.99009
9/3/2017 7:29,17784,42.2785,-70.99009
9/3/2017 7:59,17784,42.2785,-70.99009
9/3/2017 8:29,17784,42.2785,-70.99009
9/3/2017 8:59,17784,42.2785,-70.99009
9/3/2017 9:29,17784,42.2785,-70.99009
9/3/2017 9:59,17784,42.2785,-70.99009
9/3/2017 10:29,17784,42.2785,-70.99009
9/3/2017 10:59,17784,42.2785,-70.99009
9/3/2017 11:29,17784,42.2785,-70.99009
9/3/2017 11:59,17784,42.2785,-70.99009
9/3/2017 12:29,17784,42.2785,-70.99009
9/3/2017 12:59,17784,42.2785,-70.99009
9/3/2017 13:59,17784,42.2785,-70.99009
9/3/2017 15:59,17784,42.2785,-70.99009
9/3/2017 16:29,17784,42.2785,-70.99009
9/3/2017 16:59,17784,42.2785,-70.99009
9/3/2017 17:29,17784,42.2785,-70.99009
9/3/2017 17:59,17784,42.2785,-70.99009
9/3/2017 18:29,17784,42.2785,-70.99009
9/3/2017 18:59,17784,42.2785,-70.99009
9/3/2017 19:29,17784,42.2785,-70.99009
9/3/2017 19:59,17784,42.2785,-70.99009
9/3/2017 20:29,17784,42.2785,-70.99009
9/3/2017 20:59,17784,42.2785,-70.99009
9/3/2017 21:29,17784,42.2788518181818,-70.99139
9/3/2017 21:59,17784,42.27979,-70.9948566666667
9/3/2017 22:29,17784,42.280435,-70.99724
9/3/2017 22:59,17784,42.2834728571429,-71.0045757142857
9/3/2017 23:29,17784,42.2872966666667,-71.0073168333333
9/3/2017 23:59,17784,42.2899957142857,-71.0065729285714
9/4/2017 0:29,17784,42.287595,-71.0060563125
9/4/2017 1:29,17784,42.2851825,-71.0056500625
9/4/2017 1:59,17784,42.2865122222222,-71.0064856666667
9/4/2017 2:29,17784,42.28877,-71.018051
9/4/2017 2:59,17784,42.2890633333333,-71.0153041111111
9/4/2017 3:29,17784,42.28877,-71.018051
9/4/2017 3:59,17784,42.28899,-71.0159908333333
9/4/2017 4:29,17784,42.2880333333333,-71.0126839166667
9/4/2017 4:59,17784,42.2893357142857,-71.0127534285714
9/4/2017 5:29,17784,42.287995,-71.006910125
9/4/2017 5:59,17784,42.28623,-71.00504
9/4/2017 10:59,17784,42.2785,-70.99009
9/4/2017 11:29,17784,42.2785,-70.99009
9/4/2017 11:59,17784,42.2816663636364,-71.00179
9/4/2017 12:29,17784,42.2830569230769,-71.0053916923077
9/4/2017 12:59,17784,42.2820723076923,-71.00329
9/4/2017 13:29,17784,42.2849433333333,-71.0048233333333
9/4/2017 13:59,17784,42.287117826087,-71.007925
9/4/2017 14:29,17784,42.28823,-71.0093090625
9/4/2017 14:59,17784,42.2884446666667,-71.0112851333333
9/4/2017 15:29,17784,42.2890746153846,-71.0151984615385
9/4/2017 15:59,17784,42.2888715384615,-71.0171001538462
9/4/2017 16:29,17784,42.28877,-71.018051
9/4/2017 16:59,17784,42.28877,-71.018051
9/4/2017 17:29,17784,42.28877,-71.018051
9/4/2017 17:59,17784,42.288935,-71.016505875
9/4/2017 18:29,17784,42.2888525,-71.0172784375
9/4/2017 18:59,17784,42.2890175,-71.0157333125
9/4/2017 19:29,17784,42.28877,-71.018051
9/4/2017 19:59,17784,42.28877,-71.018051
9/4/2017 21:29,17784,42.28877,-71.018051
9/4/2017 21:59,17784,42.28877,-71.018051
9/4/2017 22:29,17784,42.2891,-71.01496075
9/4/2017 22:59,17784,42.289232,-71.01372465
9/4/2017 23:29,17784,42.28877,-71.018051
9/4/2017 23:59,17784,42.28877,-71.018051
9/5/2017 0:29,17784,42.28877,-71.018051
9/5/2017 0:59,17784,42.28877,-71.018051
9/5/2017 1:29,17784,42.288946,-71.0164028666667
9/5/2017 1:59,17784,42.28877,-71.018051
9/5/2017 2:29,17784,42.28888,-71.0170209166667
9/5/2017 2:59,17784,42.28877,-71.018051
9/5/2017 3:29,17784,42.2888525,-71.0172784375
9/5/2017 3:59,17784,42.288935,-71.016505875
9/5/2017 4:29,17784,42.28889,-71.0169272727273
9/5/2017 4:59,17784,42.28877,-71.018051
9/5/2017 5:29,17784,42.289232,-71.01372465
9/5/2017 5:59,17784,42.28877,-71.018051
9/5/2017 6:29,17784,42.2889585714286,-71.0162851428571
9/5/2017 6:59,17784,42.28877,-71.018051
9/5/2017 7:29,17784,42.2889784210526,-71.0160992631579
9/5/2017 7:59,17784,42.28877,-71.018051
9/5/2017 8:29,17784,42.29009,-71.00569
9/5/2017 8:59,17784,42.29009,-71.00569
9/5/2017 9:29,17784,42.29009,-71.00569
9/5/2017 9:59,17784,42.29009,-71.00569
9/5/2017 10:29,17784,42.29009,-71.00569
9/5/2017 11:29,17784,42.29009,-71.00569
9/5/2017 12:59,17784,42.29009,-71.00569
9/5/2017 13:29,17784,42.2890633333333,-71.0153041111111
9/5/2017 13:59,17784,42.28877,-71.018051
9/5/2017 14:29,17784,42.28877,-71.018051
9/5/2017 14:59,17784,42.28877,-71.018051
9/5/2017 15:29,17784,42.28877,-71.018051
9/5/2017 15:59,17784,42.28877,-71.018051
9/5/2017 16:29,17784,42.28877,-71.018051
9/5/2017 16:59,17784,42.28877,-71.018051
9/5/2017 17:29,17784,42.28877,-71.018051
9/5/2017 17:59,17784,42.28877,-71.018051
9/5/2017 18:29,17784,42.28877,-71.018051
9/5/2017 19:59,17784,42.28877,-71.018051
9/5/2017 20:29,17784,42.28877,-71.018051
9/5/2017 21:59,17784,42.28877,-71.018051
9/5/2017 22:29,17784,42.28877,-71.018051
9/5/2017 22:59,17784,42.28877,-71.018051
9/5/2017 23:29,17784,42.28877,-71.018051
9/5/2017 23:59,17784,42.28877,-71.018051
9/6/2017 0:29,17784,42.28877,-71.018051
9/6/2017 0:59,17784,42.28877,-71.018051
9/6/2017 1:29,17784,42.28877,-71.018051
9/6/2017 1:59,17784,42.28877,-71.018051
9/6/2017 2:29,17784,42.28877,-71.018051
9/6/2017 2:59,17784,42.28877,-71.018051
9/6/2017 3:29,17784,42.28877,-71.018051
9/6/2017 3:59,17784,42.28877,-71.018051
9/6/2017 4:29,17784,42.28877,-71.018051
9/6/2017 4:59,17784,42.28877,-71.018051
9/6/2017 5:29,17784,42.288858,-71.0172269333333
9/6/2017 5:59,17784,42.2888642857143,-71.0171680714286
9/6/2017 6:29,17784,42.288858,-71.0172269333333
9/6/2017 6:59,17784,42.28877,-71.018051
9/6/2017 7:29,17784,42.2890175,-71.0157333125
9/6/2017 7:59,17784,42.28921,-71.0139306666667
9/6/2017 8:29,17784,42.2893792307692,-71.0123459230769
9/6/2017 8:59,17784,42.29009,-71.00569
9/6/2017 9:29,17784,42.29009,-71.00569
9/6/2017 9:59,17784,42.29009,-71.00569
9/6/2017 10:29,17784,42.29009,-71.00569
9/6/2017 10:59,17784,42.2895033333333,-71.0111837777778
9/6/2017 11:29,17784,42.2890175,-71.0157333125
9/6/2017 11:59,17784,42.2890746153846,-71.0151984615385
9/6/2017 12:29,17784,42.28877,-71.018051
9/6/2017 12:59,17784,42.28877,-71.018051
9/6/2017 13:29,17784,42.28877,-71.018051
9/6/2017 13:59,17784,42.28877,-71.018051
9/6/2017 14:29,17784,42.28877,-71.018051
9/6/2017 14:59,17784,42.28877,-71.018051
9/6/2017 15:29,17784,42.28877,-71.018051
9/6/2017 15:59,17784,42.28877,-71.018051
9/6/2017 16:29,17784,42.28877,-71.018051
9/6/2017 16:59,17784,42.28877,-71.018051
9/6/2017 17:29,17784,42.28877,-71.018051
9/6/2017 17:59,17784,42.28877,-71.018051
9/6/2017 18:29,17784,42.28877,-71.018051
9/6/2017 18:59,17784,42.28877,-71.018051
9/6/2017 19:29,17784,42.28877,-71.018051
9/6/2017 19:59,17784,42.288946,-71.0164028666667
9/6/2017 20:29,17784,42.289265,-71.013415625
9/6/2017 20:59,17784,42.28973,-71.0090611818182
9/6/2017 21:29,17784,42.29009,-71.00569
9/6/2017 22:29,17784,42.29009,-71.00569
9/6/2017 22:59,17784,42.289166,-71.0143427
9/6/2017 23:29,17784,42.2888642857143,-71.0171680714286
9/6/2017 23:59,17784,42.289034,-71.0155788
9/7/2017 0:29,17784,42.2889585714286,-71.0162851428571
9/7/2017 0:59,17784,42.28877,-71.018051
9/7/2017 1:29,17784,42.288946,-71.0164028666667
9/7/2017 1:59,17784,42.28877,-71.018051
9/7/2017 2:29,17784,42.2889730769231,-71.0161493076923
9/7/2017 2:59,17784,42.2890805882353,-71.0151425294118
9/7/2017 3:29,17784,42.28877,-71.018051
9/7/2017 3:59,17784,42.28877,-71.018051
9/7/2017 4:29,17784,42.28877,-71.018051
9/7/2017 4:59,17784,42.28877,-71.018051
9/7/2017 5:29,17784,42.28877,-71.018051
9/7/2017 5:59,17784,42.28877,-71.018051
9/7/2017 6:29,17784,42.289122,-71.0147547333333
9/7/2017 6:59,17784,42.28877,-71.018051
9/7/2017 7:29,17784,42.2888642857143,-71.0171680714286
9/7/2017 7:59,17784,42.2890528571429,-71.0154022142857
9/7/2017 8:29,17784,42.28877,-71.018051
9/7/2017 8:59,17784,42.287754,-71.0128466
9/7/2017 9:29,17784,42.2873328571429,-71.0052257142857
9/7/2017 9:59,17784,42.2893881818182,-71.0055718181818
9/7/2017 10:29,17784,42.287774,-71.0053
9/7/2017 10:59,17784,42.2867814285714,-71.0051328571429
9/7/2017 11:29,17784,42.28816,-71.005365
9/7/2017 11:59,17784,42.289265,-71.013415625
9/7/2017 12:29,17784,42.2871053846154,-71.0109950769231
9/7/2017 12:59,17784,42.2882055555556,-71.0151596666667
9/7/2017 13:29,17784,42.2878557142857,-71.0160994285714
9/7/2017 13:59,17784,42.28877,-71.018051
9/7/2017 14:29,17784,42.28877,-71.018051
9/7/2017 14:59,17784,42.28877,-71.018051
9/7/2017 15:29,17784,42.28913,-71.0146798181818
9/7/2017 15:59,17784,42.28877,-71.018051
9/7/2017 16:29,17784,42.28877,-71.018051
9/7/2017 16:59,17784,42.28877,-71.018051
9/7/2017 17:29,17784,42.2881881818182,-71.0168090909091
9/7/2017 17:59,17784,42.28877,-71.018051
9/7/2017 18:29,17784,42.28877,-71.018051
9/7/2017 18:59,17784,42.28877,-71.018051
9/7/2017 19:29,17784,42.28877,-71.018051
9/7/2017 19:59,17784,42.28877,-71.018051
9/7/2017 20:29,17784,42.28877,-71.018051
9/7/2017 20:59,17784,42.28877,-71.018051
9/7/2017 21:29,17784,42.28877,-71.018051
9/7/2017 21:59,17784,42.29009,-71.00569
9/7/2017 23:59,17784,42.28877,-71.018051
9/8/2017 0:29,17784,42.28877,-71.018051
9/8/2017 0:59,17784,42.2886344444444,-71.0152318888889
9/8/2017 1:29,17784,42.28877,-71.018051
9/8/2017 1:59,17784,42.28877,-71.018051
9/8/2017 2:29,17784,42.28877,-71.018051
9/8/2017 2:59,17784,42.28877,-71.018051
9/8/2017 3:29,17784,42.28877,-71.018051
9/8/2017 3:59,17784,42.2883128571429,-71.0170752142857
9/8/2017 4:29,17784,42.28877,-71.018051
9/8/2017 4:59,17784,42.28877,-71.018051
9/8/2017 5:29,17784,42.28877,-71.018051
9/8/2017 5:59,17784,42.28877,-71.018051
9/8/2017 6:29,17784,42.28877,-71.018051
9/8/2017 6:59,17784,42.28877,-71.018051
9/8/2017 7:29,17784,42.28877,-71.018051
9/8/2017 7:59,17784,42.28877,-71.018051
9/8/2017 8:29,17784,42.2872641176471,-71.0148366470588
9/8/2017 8:59,17784,42.288074,-71.01352965
9/8/2017 9:29,17784,42.2888869230769,-71.0112950769231
9/8/2017 9:59,17784,42.29009,-71.00569
9/8/2017 10:29,17784,42.289318,-71.00556
9/8/2017 10:59,17784,42.29009,-71.00569
9/8/2017 11:29,17784,42.2865809090909,-71.0050990909091
9/8/2017 11:59,17784,42.29009,-71.00569
9/8/2017 12:29,17784,42.2887881818182,-71.0111904545455
9/8/2017 12:59,17784,42.288946,-71.0164028666667
9/8/2017 13:29,17784,42.288858,-71.0172269333333
9/8/2017 13:59,17784,42.28877,-71.018051
9/8/2017 14:29,17784,42.28877,-71.018051
9/8/2017 14:59,17784,42.28877,-71.018051
9/8/2017 15:29,17784,42.28877,-71.018051
9/8/2017 15:59,17784,42.28877,-71.018051
9/8/2017 16:29,17784,42.28877,-71.018051
9/8/2017 16:59,17784,42.28877,-71.018051
9/8/2017 17:29,17784,42.28877,-71.018051
9/8/2017 17:59,17784,42.28877,-71.018051
9/8/2017 18:29,17784,42.28877,-71.018051
9/8/2017 18:59,17784,42.28877,-71.018051
9/8/2017 19:59,17784,42.28877,-71.018051
9/8/2017 20:29,17784,42.28877,-71.018051
9/8/2017 20:59,17784,42.28877,-71.018051
9/8/2017 21:29,17784,42.28877,-71.018051
9/8/2017 21:59,17784,42.28877,-71.018051
9/8/2017 22:29,17784,42.29009,-71.00569
9/8/2017 22:59,17784,42.29009,-71.00569
9/8/2017 23:29,17784,42.29009,-71.00569
9/8/2017 23:59,17784,42.28623,-71.00504
9/9/2017 0:59,17784,42.28877,-71.018051
9/9/2017 1:29,17784,42.28877,-71.018051
9/9/2017 1:59,17784,42.28877,-71.018051
9/9/2017 2:29,17784,42.28877,-71.018051
9/9/2017 2:59,17784,42.2882776923077,-71.0170001538462
9/9/2017 3:29,17784,42.28877,-71.018051
9/9/2017 3:59,17784,42.28877,-71.018051
9/9/2017 4:29,17784,42.28877,-71.018051
9/9/2017 4:59,17784,42.28797,-71.016343375
9/9/2017 5:29,17784,42.28677,-71.0137819375
9/9/2017 5:59,17784,42.28597,-71.0120743125
9/9/2017 6:29,17784,42.2882366666667,-71.0169125833333
9/9/2017 6:59,17784,42.2883433333333,-71.0171402666667
9/9/2017 7:29,17784,42.28877,-71.018051
9/9/2017 7:59,17784,42.28749,-71.0153188
9/9/2017 8:29,17784,42.2881881818182,-71.0168090909091
9/9/2017 8:59,17784,42.28749,-71.0153188
9/9/2017 9:29,17784,42.28641,-71.0118459230769
9/9/2017 9:59,17784,42.2870517391304,-71.0117435652174
9/9/2017 10:29,17784,42.2899433333333,-71.0070634444444
9/9/2017 10:59,17784,42.29009,-71.00569
9/9/2017 11:29,17784,42.29009,-71.00569
9/9/2017 11:59,17784,42.2886863636364,-71.0054536363636
9/9/2017 12:29,17784,42.29009,-71.00569
9/9/2017 12:59,17784,42.2875166666667,-71.0052566666667
9/9/2017 13:29,17784,42.29009,-71.00569
9/9/2017 13:59,17784,42.2889871428571,-71.0055042857143
9/9/2017 14:29,17784,42.283142,-71.00452
9/9/2017 14:59,17784,42.283335,-71.0045525
9/9/2017 15:29,17784,42.2830127777778,-71.00374
9/9/2017 15:59,17784,42.2845144444444,-71.0047511111111
9/9/2017 16:29,17784,42.28237,-71.00439
9/9/2017 16:59,17784,42.28237,-71.00439
9/9/2017 17:29,17784,42.2829638461538,-71.00449
9/9/2017 17:59,17784,42.2841864705882,-71.0046958823529
9/9/2017 18:29,17784,42.2840855555556,-71.0046788888889
9/9/2017 18:59,17784,42.2837323529412,-71.0046194117647
9/9/2017 19:29,17784,42.28237,-71.00439
9/9/2017 19:59,17784,42.2836536363636,-71.0057500909091
9/9/2017 20:29,17784,42.2828846666667,-71.0044766666667
9/9/2017 20:59,17784,42.2855488235294,-71.0049252941177
9/9/2017 21:29,17784,42.288094,-71.00598305
9/9/2017 21:59,17784,42.289265,-71.013415625
9/9/2017 22:29,17784,42.28877,-71.018051
9/9/2017 22:59,17784,42.29009,-71.00569
9/9/2017 23:59,17784,42.29009,-71.00569
9/10/2017 0:29,17784,42.29009,-71.00569
9/10/2017 0:59,17784,42.29009,-71.00569
9/10/2017 1:29,17784,42.28621,-71.0125866
9/10/2017 1:59,17784,42.288935,-71.016505875
9/10/2017 2:29,17784,42.288902,-71.0168149
9/10/2017 2:59,17784,42.28877,-71.018051
9/10/2017 3:29,17784,42.28877,-71.018051
9/10/2017 3:59,17784,42.28877,-71.018051
9/10/2017 4:29,17784,42.28877,-71.018051
9/10/2017 4:59,17784,42.28877,-71.018051
9/10/2017 5:29,17784,42.28653,-71.01326965
9/10/2017 5:59,17784,42.2856525,-71.0104479375
9/10/2017 6:29,17784,42.2882366666667,-71.0169125833333
9/10/2017 6:59,17784,42.28557,-71.0112205
9/10/2017 7:29,17784,42.2876063636364,-71.0155671818182
9/10/2017 7:59,17784,42.28877,-71.018051
9/10/2017 8:29,17784,42.28877,-71.018051
9/10/2017 8:59,17784,42.28877,-71.018051
9/10/2017 9:29,17784,42.28877,-71.018051
9/10/2017 9:59,17784,42.28813,-71.0166849
9/10/2017 10:29,17784,42.2872641176471,-71.0148366470588
9/10/2017 10:59,17784,42.28749,-71.0153188
9/10/2017 11:59,17784,42.28237,-71.00439
9/10/2017 13:59,17784,42.28877,-71.018051
9/10/2017 14:29,17784,42.28877,-71.018051
9/10/2017 14:59,17784,42.28877,-71.018051
9/10/2017 15:29,17784,42.28877,-71.018051
9/10/2017 15:59,17784,42.28877,-71.018051
9/10/2017 16:29,17784,42.28877,-71.018051
9/10/2017 16:59,17784,42.28877,-71.018051
9/10/2017 17:29,17784,42.28877,-71.018051
9/10/2017 17:59,17784,42.28877,-71.018051
9/10/2017 18:29,17784,42.28877,-71.018051
9/10/2017 18:59,17784,42.28877,-71.018051
9/10/2017 19:29,17784,42.28813,-71.0166849
9/10/2017 19:59,17784,42.28877,-71.018051
9/10/2017 20:29,17784,42.28877,-71.018051
9/10/2017 20:59,17784,42.28877,-71.018051
9/10/2017 21:29,17784,42.28877,-71.018051
9/10/2017 21:59,17784,42.28877,-71.018051
9/10/2017 22:29,17784,42.28877,-71.018051
9/10/2017 22:59,17784,42.28877,-71.018051
9/10/2017 23:29,17784,42.28877,-71.018051
9/10/2017 23:59,17784,42.29009,-71.00569
9/11/2017 0:59,17784,42.29009,-71.00569
9/11/2017 1:29,17784,42.29009,-71.00569
9/11/2017 1:59,17784,42.29009,-71.00569
9/11/2017 2:29,17784,42.289034,-71.0155788
9/11/2017 2:59,17784,42.28877,-71.018051
9/11/2017 3:29,17784,42.28877,-71.018051
9/11/2017 3:59,17784,42.28877,-71.018051
9/11/2017 4:29,17784,42.28877,-71.018051
9/11/2017 4:59,17784,42.2888642857143,-71.0171680714286
9/11/2017 5:29,17784,42.28877,-71.018051
9/11/2017 5:59,17784,42.28877,-71.018051
9/11/2017 6:29,17784,42.2881881818182,-71.0168090909091
9/11/2017 6:59,17784,42.28877,-71.018051
9/11/2017 7:29,17784,42.2870245454545,-71.0143252727273
9/11/2017 7:59,17784,42.28877,-71.018051
9/11/2017 8:29,17784,42.2882776923077,-71.0170001538462
9/11/2017 8:59,17784,42.28877,-71.018051
9/11/2017 9:29,17784,42.28877,-71.018051
9/11/2017 9:59,17784,42.28877,-71.018051
9/11/2017 10:29,17784,42.28877,-71.018051
9/11/2017 10:59,17784,42.28877,-71.018051
9/11/2017 11:29,17784,42.28877,-71.018051
9/11/2017 11:59,17784,42.289595,-71.010325375
9/11/2017 12:29,17784,42.29009,-71.00569
9/11/2017 12:59,17784,42.29009,-71.00569
9/11/2017 13:59,17784,42.29009,-71.00569
9/11/2017 14:29,17784,42.28899,-71.0159908333333
9/11/2017 14:59,17784,42.28877,-71.018051
9/11/2017 15:29,17784,42.2883128571429,-71.0170752142857
9/11/2017 15:59,17784,42.288858,-71.0172269333333
9/11/2017 16:29,17784,42.28877,-71.018051
9/11/2017 16:59,17784,42.28877,-71.018051
9/11/2017 17:29,17784,42.28877,-71.018051
9/11/2017 17:59,17784,42.2883128571429,-71.0170752142857
9/11/2017 18:29,17784,42.2883935294118,-71.0172474117647
9/11/2017 18:59,17784,42.2879166666667,-71.0162295333333
9/11/2017 19:29,17784,42.2868876470588,-71.0140330588235
9/11/2017 19:59,17784,42.2880588888889,-71.0165331111111
9/11/2017 20:29,17784,42.28877,-71.018051
9/11/2017 20:59,17784,42.2866366666667,-71.0134973333333
9/11/2017 21:29,17784,42.28237,-71.00439
9/11/2017 21:59,17784,42.28237,-71.00439
9/11/2017 22:29,17784,42.28877,-71.018051
9/11/2017 22:59,17784,42.28877,-71.018051
9/11/2017 23:29,17784,42.28877,-71.018051
9/11/2017 23:59,17784,42.28877,-71.018051
9/12/2017 0:29,17784,42.28877,-71.018051
9/12/2017 2:59,17784,42.28877,-71.018051
9/12/2017 3:29,17784,42.28877,-71.018051
9/12/2017 3:59,17784,42.28877,-71.018051
9/12/2017 4:29,17784,42.28877,-71.018051
9/12/2017 4:59,17784,42.28877,-71.018051
9/12/2017 5:29,17784,42.28877,-71.018051
9/12/2017 5:59,17784,42.28877,-71.018051
9/12/2017 6:29,17784,42.28877,-71.018051
9/12/2017 6:59,17784,42.2888642857143,-71.0171680714286
9/12/2017 7:29,17784,42.28877,-71.018051
9/12/2017 7:59,17784,42.28877,-71.018051
9/12/2017 8:29,17784,42.28877,-71.018051
9/12/2017 8:59,17784,42.28877,-71.018051
9/12/2017 9:29,17784,42.28877,-71.018051
9/12/2017 9:59,17784,42.28877,-71.018051
9/12/2017 10:29,17784,42.28877,-71.018051
9/12/2017 10:59,17784,42.28877,-71.018051
9/12/2017 11:29,17784,42.28877,-71.018051
9/12/2017 11:59,17784,42.28877,-71.018051
9/12/2017 12:29,17784,42.28877,-71.018051
9/12/2017 12:59,17784,42.28877,-71.018051
9/12/2017 13:29,17784,42.28877,-71.018051
9/12/2017 14:29,17784,42.28877,-71.018051
9/12/2017 14:59,17784,42.28877,-71.018051
9/12/2017 15:29,17784,42.28877,-71.018051
9/12/2017 15:59,17784,42.28877,-71.018051
9/12/2017 16:29,17784,42.28877,-71.018051
9/12/2017 16:59,17784,42.28877,-71.018051
9/12/2017 17:29,17784,42.28877,-71.018051
9/12/2017 17:59,17784,42.28877,-71.018051
9/12/2017 18:29,17784,42.28877,-71.018051
9/12/2017 18:59,17784,42.28877,-71.018051
9/12/2017 19:29,17784,42.28877,-71.018051
9/12/2017 19:59,17784,42.28877,-71.018051
9/12/2017 20:29,17784,42.28877,-71.018051
9/12/2017 20:59,17784,42.28877,-71.018051
9/12/2017 21:29,17784,42.28877,-71.018051
9/12/2017 21:59,17784,42.2883433333333,-71.0171402666667
9/12/2017 22:29,17784,42.28877,-71.018051
9/12/2017 22:59,17784,42.28877,-71.018051
9/12/2017 23:29,17784,42.28877,-71.018051
9/12/2017 23:59,17784,42.289034,-71.0155788
9/13/2017 0:59,17784,42.28877,-71.018051
9/13/2017 1:29,17784,42.28877,-71.018051
9/13/2017 2:59,17784,42.29009,-71.00569
9/13/2017 3:29,17784,42.29009,-71.00569
9/13/2017 3:59,17784,42.28877,-71.018051
9/13/2017 4:29,17784,42.2891,-71.01496075
9/13/2017 4:59,17784,42.2886264705882,-71.0150660588235
9/13/2017 5:29,17784,42.28899,-71.0159908333333
9/13/2017 5:59,17784,42.2888642857143,-71.0171680714286
9/13/2017 6:29,17784,42.28877,-71.018051
9/13/2017 6:59,17784,42.28877,-71.018051
9/13/2017 7:29,17784,42.28877,-71.018051
9/13/2017 7:59,17784,42.28877,-71.018051
9/13/2017 8:29,17784,42.28877,-71.018051
9/13/2017 8:59,17784,42.28877,-71.018051
9/13/2017 9:29,17784,42.28877,-71.018051
9/13/2017 9:59,17784,42.28877,-71.018051
9/13/2017 10:29,17784,42.28877,-71.018051
9/13/2017 10:59,17784,42.28877,-71.018051
9/13/2017 11:29,17784,42.28877,-71.018051
9/13/2017 11:59,17784,42.28877,-71.018051
9/13/2017 12:29,17784,42.28877,-71.018051
9/13/2017 12:59,17784,42.28877,-71.018051
9/13/2017 13:29,17784,42.28877,-71.018051
9/13/2017 13:59,17784,42.28877,-71.018051
9/13/2017 14:29,17784,42.28877,-71.018051
9/13/2017 14:59,17784,42.28877,-71.018051
9/13/2017 15:29,17784,42.28877,-71.018051
9/13/2017 15:59,17784,42.28877,-71.018051
9/13/2017 16:29,17784,42.28877,-71.018051
9/13/2017 16:59,17784,42.28877,-71.018051
9/13/2017 17:29,17784,42.28877,-71.018051
9/13/2017 17:59,17784,42.28877,-71.018051
9/13/2017 18:29,17784,42.28877,-71.018051
9/13/2017 18:59,17784,42.28877,-71.018051
9/13/2017 19:29,17784,42.28877,-71.018051
9/13/2017 19:59,17784,42.28877,-71.018051
9/13/2017 20:29,17784,42.28877,-71.018051
9/13/2017 20:59,17784,42.28877,-71.018051
9/13/2017 21:29,17784,42.28877,-71.018051
9/13/2017 21:59,17784,42.28877,-71.018051
9/13/2017 22:29,17784,42.28877,-71.018051
9/13/2017 22:59,17784,42.28877,-71.018051
9/13/2017 23:29,17784,42.28877,-71.018051
9/13/2017 23:59,17784,42.28877,-71.018051
9/14/2017 0:29,17784,42.28877,-71.018051
9/14/2017 0:59,17784,42.28877,-71.018051
9/14/2017 1:29,17784,42.28877,-71.018051
9/14/2017 1:59,17784,42.28877,-71.018051
9/14/2017 2:29,17784,42.28877,-71.018051
9/14/2017 2:59,17784,42.28877,-71.018051
9/14/2017 4:59,17784,42.28877,-71.018051
9/14/2017 5:29,17784,42.28877,-71.018051
9/14/2017 5:59,17784,42.28877,-71.018051
9/14/2017 6:29,17784,42.28877,-71.018051
9/14/2017 6:59,17784,42.28877,-71.018051
9/14/2017 7:29,17784,42.28877,-71.018051
9/14/2017 12:59,17784,42.28877,-71.018051
9/14/2017 13:29,17784,42.28877,-71.018051
9/14/2017 13:59,17784,42.28877,-71.018051
9/14/2017 14:29,17784,42.28877,-71.018051
9/14/2017 14:59,17784,42.28877,-71.018051
9/14/2017 15:29,17784,42.28877,-71.018051
9/14/2017 18:29,17784,42.28717,-71.01463575
9/14/2017 18:59,17784,42.28877,-71.018051
9/14/2017 19:29,17784,42.28877,-71.018051
9/14/2017 19:59,17784,42.28877,-71.018051
9/15/2017 1:59,17784,42.28877,-71.018051
9/15/2017 2:29,17784,42.28877,-71.018051
9/15/2017 2:59,17784,42.28877,-71.018051
9/15/2017 3:29,17784,42.28877,-71.018051
9/15/2017 3:59,17784,42.28877,-71.018051
9/15/2017 5:59,17784,42.28877,-71.018051
9/15/2017 6:29,17784,42.28877,-71.018051
9/15/2017 6:59,17784,42.28877,-71.018051
9/15/2017 7:29,17784,42.28877,-71.018051
9/15/2017 7:59,17784,42.28877,-71.018051
9/15/2017 8:29,17784,42.28877,-71.018051
9/15/2017 14:59,17784,42.28877,-71.018051
9/15/2017 15:29,17784,42.28877,-71.018051
9/15/2017 15:59,17784,42.28877,-71.018051
9/15/2017 16:29,17784,42.28877,-71.018051
9/15/2017 16:59,17784,42.28877,-71.018051
9/15/2017 17:29,17784,42.28877,-71.018051
9/15/2017 17:59,17784,42.28877,-71.018051
9/15/2017 18:29,17784,42.28877,-71.018051
9/15/2017 18:59,17784,42.28877,-71.018051
9/15/2017 19:29,17784,42.28877,-71.018051
9/15/2017 19:59,17784,42.28877,-71.018051
9/15/2017 20:29,17784,42.28877,-71.018051
9/15/2017 20:59,17784,42.28877,-71.018051
9/15/2017 21:29,17784,42.28877,-71.018051
9/15/2017 21:59,17784,42.28877,-71.018051
9/15/2017 22:29,17784,42.28877,-71.018051
9/15/2017 22:59,17784,42.28877,-71.018051
9/15/2017 23:29,17784,42.2872930769231,-71.0148984615385
9/16/2017 0:29,17784,42.28237,-71.00439
9/16/2017 0:59,17784,42.28237,-71.00439
9/16/2017 1:29,17784,42.28237,-71.00439
9/16/2017 1:59,17784,42.28877,-71.018051
9/16/2017 2:29,17784,42.28877,-71.018051
9/16/2017 2:59,17784,42.28877,-71.018051
9/16/2017 3:29,17784,42.28877,-71.018051
9/16/2017 3:59,17784,42.28877,-71.018051
9/16/2017 4:29,17784,42.28877,-71.018051
9/16/2017 4:59,17784,42.28877,-71.018051
9/16/2017 7:29,17784,42.28877,-71.018051
9/16/2017 7:59,17784,42.28877,-71.018051
9/16/2017 8:29,17784,42.28877,-71.018051
9/16/2017 8:59,17784,42.28877,-71.018051
9/16/2017 9:29,17784,42.28877,-71.018051
9/16/2017 9:59,17784,42.28877,-71.018051
9/16/2017 10:29,17784,42.28877,-71.018051
9/16/2017 10:59,17784,42.28877,-71.018051
9/16/2017 11:29,17784,42.28877,-71.018051
9/16/2017 11:59,17784,42.28877,-71.018051
9/16/2017 12:29,17784,42.28877,-71.018051
9/16/2017 12:59,17784,42.28877,-71.018051
9/16/2017 13:29,17784,42.28877,-71.018051
9/16/2017 13:59,17784,42.28877,-71.018051
9/16/2017 14:29,17784,42.28877,-71.018051
9/16/2017 14:59,17784,42.28877,-71.018051
9/16/2017 15:29,17784,42.28877,-71.018051
9/16/2017 15:59,17784,42.28877,-71.018051
9/16/2017 16:29,17784,42.28877,-71.018051
9/16/2017 16:59,17784,42.28877,-71.018051
9/16/2017 17:29,17784,42.28877,-71.018051
9/16/2017 18:29,17784,42.29009,-71.00569
9/16/2017 18:59,17784,42.28877,-71.018051
9/16/2017 19:29,17784,42.28877,-71.018051
9/16/2017 19:59,17784,42.28877,-71.018051
9/16/2017 20:29,17784,42.28877,-71.018051
9/16/2017 20:59,17784,42.28877,-71.018051
9/16/2017 21:29,17784,42.28877,-71.018051
9/16/2017 21:59,17784,42.28877,-71.018051
9/16/2017 22:29,17784,42.28877,-71.018051
9/16/2017 22:59,17784,42.28877,-71.018051
9/16/2017 23:29,17784,42.28877,-71.018051
9/16/2017 23:59,17784,42.28877,-71.018051
9/17/2017 0:29,17784,42.28877,-71.018051
9/17/2017 0:59,17784,42.28877,-71.018051
9/17/2017 1:29,17784,42.28877,-71.018051
9/17/2017 1:59,17784,42.28877,-71.018051
9/17/2017 2:29,17784,42.28877,-71.018051
9/17/2017 2:59,17784,42.28877,-71.018051
9/17/2017 3:29,17784,42.28877,-71.018051
9/17/2017 3:59,17784,42.28877,-71.018051
9/17/2017 4:29,17784,42.28877,-71.018051
9/17/2017 4:59,17784,42.28877,-71.018051
9/17/2017 5:29,17784,42.28877,-71.018051
9/17/2017 5:59,17784,42.28877,-71.018051
9/17/2017 8:29,17784,42.28877,-71.018051
9/17/2017 8:59,17784,42.28877,-71.018051
9/17/2017 9:29,17784,42.28877,-71.018051
9/17/2017 9:59,17784,42.2883128571429,-71.0170752142857
9/17/2017 10:29,17784,42.2888715384615,-71.0171001538462
9/17/2017 10:59,17784,42.28877,-71.018051
9/17/2017 11:29,17784,42.28877,-71.018051
9/17/2017 11:59,17784,42.28877,-71.018051
9/17/2017 12:29,17784,42.28877,-71.018051
9/17/2017 12:59,17784,42.28877,-71.018051
9/17/2017 13:59,17784,42.28877,-71.018051
9/17/2017 14:29,17784,42.28877,-71.018051
9/17/2017 14:59,17784,42.28877,-71.018051
9/17/2017 15:29,17784,42.28877,-71.018051
9/17/2017 15:59,17784,42.28877,-71.018051
9/17/2017 16:29,17784,42.28877,-71.018051
9/17/2017 16:59,17784,42.28877,-71.018051
9/17/2017 17:29,17784,42.28877,-71.018051
9/17/2017 17:59,17784,42.28877,-71.018051
9/17/2017 18:29,17784,42.28877,-71.018051
9/17/2017 21:59,17784,42.28877,-71.018051
9/17/2017 22:29,17784,42.28877,-71.018051
9/17/2017 22:59,17784,42.28877,-71.018051
9/17/2017 23:29,17784,42.2879166666667,-71.0162295333333
9/17/2017 23:59,17784,42.28877,-71.018051
9/18/2017 0:29,17784,42.28877,-71.018051
9/18/2017 0:59,17784,42.2882366666667,-71.0169125833333
9/18/2017 1:29,17784,42.28877,-71.018051
9/18/2017 1:59,17784,42.28877,-71.018051
9/18/2017 2:29,17784,42.28877,-71.018051
9/18/2017 2:59,17784,42.28877,-71.018051
9/18/2017 3:29,17784,42.28877,-71.018051
9/18/2017 3:59,17784,42.28877,-71.018051
9/18/2017 4:29,17784,42.28877,-71.018051
9/18/2017 4:59,17784,42.28877,-71.018051
9/18/2017 5:29,17784,42.28877,-71.018051
9/18/2017 5:59,17784,42.28877,-71.018051
9/18/2017 6:29,17784,42.28877,-71.018051
9/18/2017 9:29,17784,42.28877,-71.018051
9/18/2017 9:59,17784,42.28877,-71.018051
9/18/2017 10:29,17784,42.28877,-71.018051
9/18/2017 10:59,17784,42.28877,-71.018051
9/18/2017 11:29,17784,42.28877,-71.018051
9/18/2017 11:59,17784,42.28877,-71.018051
9/18/2017 12:29,17784,42.28877,-71.018051
9/18/2017 12:59,17784,42.28877,-71.018051
9/18/2017 13:29,17784,42.28877,-71.018051
9/18/2017 13:59,17784,42.28877,-71.018051
9/18/2017 14:29,17784,42.28877,-71.018051
9/18/2017 14:59,17784,42.28877,-71.018051
9/18/2017 15:29,17784,42.28877,-71.018051
9/18/2017 15:59,17784,42.28877,-71.018051
9/18/2017 16:29,17784,42.28877,-71.018051
9/18/2017 16:59,17784,42.28877,-71.018051
9/18/2017 17:29,17784,42.28877,-71.018051
9/18/2017 17:59,17784,42.28877,-71.018051
9/18/2017 18:29,17784,42.28877,-71.018051
9/18/2017 18:59,17784,42.28877,-71.018051
9/18/2017 19:29,17784,42.29009,-71.00569
9/18/2017 19:59,17784,42.29009,-71.00569
9/18/2017 20:29,17784,42.29009,-71.00569
9/18/2017 20:59,17784,42.29009,-71.00569
9/18/2017 21:29,17784,42.28877,-71.018051
9/18/2017 21:59,17784,42.28877,-71.018051
9/18/2017 22:29,17784,42.28877,-71.018051
9/18/2017 22:59,17784,42.28877,-71.018051
9/18/2017 23:29,17784,42.28877,-71.018051
9/18/2017 23:59,17784,42.28877,-71.018051
9/19/2017 0:29,17784,42.28797,-71.016343375
9/19/2017 1:29,17784,42.2866366666667,-71.0134973333333
9/19/2017 1:59,17784,42.28877,-71.018051
9/19/2017 2:29,17784,42.28237,-71.00439
9/19/2017 2:59,17784,42.2866366666667,-71.0134973333333
9/19/2017 3:29,17784,42.28749,-71.0153188
9/19/2017 3:59,17784,42.2866366666667,-71.0134973333333
9/19/2017 4:29,17784,42.28877,-71.018051
9/19/2017 5:29,17784,42.28877,-71.018051
9/19/2017 6:29,17784,42.28877,-71.018051
9/19/2017 6:59,17784,42.28888,-71.0170209166667
9/19/2017 7:59,17784,42.29009,-71.00569
9/19/2017 8:29,17784,42.29009,-71.00569
9/19/2017 8:59,17784,42.28237,-71.00439
9/19/2017 9:29,17784,42.28237,-71.00439
9/19/2017 9:59,17784,42.28237,-71.00439
9/19/2017 10:29,17784,42.28237,-71.00439
9/19/2017 10:59,17784,42.28237,-71.00439
9/19/2017 11:29,17784,42.2847966666667,-71.0061967777778
9/19/2017 11:59,17784,42.28921,-71.0139306666667
9/19/2017 12:29,17784,42.28877,-71.018051
9/19/2017 12:59,17784,42.28877,-71.018051
9/19/2017 13:29,17784,42.28877,-71.018051
9/19/2017 13:59,17784,42.28899,-71.0159908333333
9/19/2017 14:29,17784,42.2891471428571,-71.0145192857143
9/19/2017 14:59,17784,42.2888525,-71.0172784375
9/19/2017 15:29,17784,42.289166,-71.0143427
9/19/2017 15:59,17784,42.28877,-71.018051
9/19/2017 16:29,17784,42.28877,-71.018051
9/19/2017 16:59,17784,42.28877,-71.018051
9/19/2017 17:29,17784,42.28877,-71.018051
9/19/2017 17:59,17784,42.28877,-71.018051
9/19/2017 18:29,17784,42.28877,-71.018051
9/19/2017 19:29,17784,42.28237,-71.00439
9/19/2017 20:59,17784,42.28237,-71.00439
9/19/2017 21:29,17784,42.28237,-71.00439
9/19/2017 23:59,17784,42.28237,-71.00439
9/20/2017 0:29,17784,42.28237,-71.00439
9/20/2017 2:29,17784,42.28237,-71.00439
9/20/2017 2:59,17784,42.2835576923077,-71.00459
9/20/2017 3:29,17784,42.28237,-71.00439
9/20/2017 3:59,17784,42.28237,-71.00439
9/20/2017 4:29,17784,42.2785,-70.99009
9/20/2017 5:59,17784,42.2785,-70.99009
9/20/2017 6:29,17784,42.2785,-70.99009
9/20/2017 6:59,17784,42.2785,-70.99009
9/20/2017 8:29,17784,42.28237,-71.00439
9/20/2017 8:59,17784,42.28237,-71.00439
9/20/2017 9:29,17784,42.28237,-71.00439
9/20/2017 11:29,17784,42.28237,-71.00439
9/20/2017 12:29,17784,42.28877,-71.018051
9/20/2017 12:59,17784,42.28877,-71.018051
9/20/2017 13:29,17784,42.28877,-71.018051
9/20/2017 13:59,17784,42.28877,-71.018051
9/20/2017 14:29,17784,42.28877,-71.018051
9/20/2017 14:59,17784,42.28877,-71.018051
9/20/2017 15:29,17784,42.2890175,-71.0157333125
9/20/2017 15:59,17784,42.28877,-71.018051
9/20/2017 16:29,17784,42.2888715384615,-71.0171001538462
9/20/2017 16:59,17784,42.28877,-71.018051
9/20/2017 17:29,17784,42.28877,-71.018051
9/20/2017 17:59,17784,42.28877,-71.018051
9/20/2017 18:29,17784,42.2889166666667,-71.0166775555556
9/20/2017 18:59,17784,42.28877,-71.018051
9/20/2017 19:29,17784,42.28877,-71.018051
9/20/2017 19:59,17784,42.28949,-71.0113086363636
9/20/2017 20:29,17784,42.29009,-71.00569
9/20/2017 20:59,17784,42.29009,-71.00569
9/20/2017 21:59,17784,42.29009,-71.00569
9/21/2017 0:29,17784,42.2785,-70.99009
9/21/2017 0:59,17784,42.2785,-70.99009
9/21/2017 1:29,17784,42.2785,-70.99009
9/21/2017 1:59,17784,42.2785,-70.99009
9/21/2017 2:29,17784,42.2785,-70.99009
9/21/2017 2:59,17784,42.2812642857143,-71.0003042857143
9/21/2017 3:29,17784,42.28237,-71.00439
9/21/2017 4:59,17784,42.28877,-71.018051
9/21/2017 5:29,17784,42.2888715384615,-71.0171001538462
9/21/2017 5:59,17784,42.28877,-71.018051
9/21/2017 6:29,17784,42.28877,-71.018051
9/21/2017 6:59,17784,42.28877,-71.018051
9/21/2017 7:29,17784,42.2889585714286,-71.0162851428571
9/21/2017 7:59,17784,42.2898425,-71.0080076875
9/21/2017 8:29,17784,42.29009,-71.00569
9/21/2017 15:59,17784,42.28237,-71.00439
9/21/2017 16:29,17784,42.28237,-71.00439
9/21/2017 16:59,17784,42.28237,-71.00439
9/21/2017 18:29,17784,42.2785,-70.99009
9/22/2017 0:29,17784,42.2785,-70.99009
9/22/2017 0:59,17784,42.2785,-70.99009
9/22/2017 5:29,17784,42.2785,-70.99009
9/22/2017 17:59,17784,42.2785,-70.99009
9/22/2017 18:29,17784,42.2785,-70.99009
9/23/2017 6:29,17784,42.2614,-70.9467
9/23/2017 6:59,17784,42.2614,-70.9467
9/30/2017 11:29,17784,42.2851986666667,-71.0021366666667
9/30/2017 11:59,17784,42.2857086666667,-71.0074688666667
9/30/2017 12:29,17784,42.286474,-71.0101144
9/30/2017 13:29,17784,42.28877,-71.018051
9/30/2017 13:59,17784,42.28877,-71.018051
9/30/2017 14:29,17784,42.28877,-71.018051
9/30/2017 16:29,17784,42.29009,-71.00569
9/30/2017 18:29,17784,42.28237,-71.00439
9/30/2017 18:59,17784,42.28237,-71.00439
9/30/2017 20:59,17784,42.28237,-71.00439
9/30/2017 21:29,17784,42.28237,-71.00439
9/30/2017 21:59,17784,42.281725,-71.0020066666667
9/30/2017 22:29,17784,42.2785,-70.99009
